Genes,adjpval,log2FC,color
AARS1,0.259301356792019,-0.1109273273306712,grey
PRPF4,0.641709574190189,0.077698267582711,grey
PRUNE1,0.189088270726494,0.3337109936126096,grey
PRTFDC1,0.549925994098234,-0.0499064982813172,grey
PRSS3,0.968417510821235,-0.0274331826655667,grey
PRRT2,0.926645157999054,0.0189223508294502,grey
PRRC2C,0.8767211721763,0.0505014666545864,grey
PRPSAP2,0.157248074447943,0.1652913353572551,grey
PRPSAP1,0.0555550280233734,0.2376103641080175,grey
PRPS1,0.287935060896094,-0.2022696228527432,grey
PRPH,0.0361392069405881,0.2456980956977452,grey
PRPF8,0.0449270079656705,0.3034362723416401,grey
PRPF6,0.869730130289714,-0.0180529801599481,grey
PRPF4B,0.115989087359411,-0.2451127071474489,grey
PRPF40A,0.0825203876208177,0.194531712016589,grey
PRPF3,0.414697821836914,-0.0739312874975115,grey
PSAP,0.0540773739213971,0.9003081015893863,grey
PRMT1,0.97143800975604,-0.0053222898804709,grey
PRKRA,0.200594885288066,-0.1120812083569682,grey
PRKG2,0.294072011696088,-0.2696395817567373,grey
PRKDC,0.0105852270829879,0.3894764427652845,grey
PRKCSH,0.0524105750063278,-0.2659634335919486,grey
PRKAR2B,0.37111962018717,-0.0830792228600463,grey
PRKAR2A,0.0549639030380715,0.3486036493497557,grey
PRKAR1A,0.519731899046222,0.1121449992300693,grey
PRKAG1,0.0130468854445531,0.4335080628277192,grey
PREP,0.0284748142757035,0.2546375071764418,grey
PRDX6,0.0592062626796289,0.2184744952852986,grey
PRDX5,0.0844647380947209,0.1852296499754879,grey
PRDX4,0.0054316279593602,0.9085927515588352,grey
PRXL2A,0.639916927933442,0.0427886689768711,grey
PSIP1,0.940187133610667,-0.0240099718088422,grey
PHB1,0.841568849790936,-0.0671000937026128,grey
PSMC2,0.0159342203592978,0.3090180242919702,grey
PSMD4,0.0510256851363673,-0.3104907466571907,grey
PSMD3,0.0063547574695781,0.4675276791736355,grey
PSMD2,0.0093655938327697,0.3869985233182706,grey
PSMD14,0.00853890765457,0.462113093847045,grey
PSMD13,0.0118608735958738,0.5638945478577605,grey
PSMD12,0.0345541982395937,0.4158988475439166,grey
PSMD11,0.0110891268483664,0.4489964822302427,grey
PSMD10,0.0675174479575098,0.2628130737222525,grey
PSMD1,0.0185983966524702,0.4103659736216366,grey
PSMC6,0.0215162705561468,0.3434244192345106,grey
PSMC5,0.0158443013528095,0.3342279321002044,grey
PSMC4,0.0331821157186383,0.2853605063442185,grey
PSMC3,0.0229114028032148,0.2921634626270233,grey
PSMC1,0.0961391505522714,0.2402191037077546,grey
PSMA1,0.0071547845775973,0.475575754090129,grey
PSMB7,0.0008678033201834,1.0452198986465282,grey
PSMB6,0.170476522013369,0.2650057419045232,grey
PSMB5,0.30739382043827,0.0923493780046375,grey
PSMB4,0.0691024626848339,0.3413658048445694,grey
PSMB3,0.576339883703008,0.0955598271487121,grey
PSMB2,0.0524105750063278,0.3171814567790323,grey
PSMB1,0.0035680656980613,0.5511006815514667,grey
PSMA7,0.0130468854445531,0.3553112524340091,grey
PSMA6,0.0071547845775973,0.546274371346322,grey
PSMA5,0.0062680438564334,0.561854489945023,grey
PSMA4,0.0338533942148103,0.3140344785587419,grey
PSMA3,0.0035680656980613,0.8260628837724093,grey
PSMA2,0.0693236215969607,0.2631401313588485,grey
PRDX3,0.760489518586925,0.0338477197170681,grey
PRDX2,0.343951025772434,0.1023159057971964,grey
PRDX1,0.0573563115496094,0.2875476502721525,grey
PLD3,0.170782867683537,0.1593856156858789,grey
PODXL2,0.0099842816119567,-0.7985933313124884,grey
PNPLA8,0.297271073383404,-0.1064529333828103,grey
PNPLA4,0.427984720751082,0.0604628115212232,grey
PNO1,0.708965555455766,-0.0690856058257029,grey
PNN,0.0221670116773839,0.3607824217004191,grey
PMS1,0.131482108816827,0.1425289003005034,grey
PMPCB,0.97143800975604,0.013991585256099,grey
PMM2,0.171579353872067,0.2198652508411783,grey
PMM1,0.0632102083024211,0.3964784384297264,grey
PMEL,0.156303785585431,-0.3122655963434383,grey
PLXNA1,0.0067918288114361,-0.6512943847591337,grey
PLEKHJ1,0.972230902732468,0.1317483123485872,grey
PLEKHA5,0.561150579017813,0.0515987513081944,grey
PLCG1,0.129428472498773,0.2047132385639714,grey
PRCP,0.142026368968279,-0.2828096135649525,grey
PLCB4,0.216708793753045,0.1932718302803181,grey
PLBD2,0.0037752105850153,-0.6990675342671446,grey
PLAA,0.0403091658750245,-0.3395088407919188,grey
PLA2G6,0.299005353540293,0.4629995333289347,grey
PKM,0.415631756876381,-0.080873735735316,grey
PITPNB,0.426759574330421,0.1166285592075371,grey
PITHD1,0.0294846286911385,0.4228208862025864,grey
PIP4P2,0.30739382043827,0.1648194681742524,grey
PIN1,0.348437218818362,0.0691147172790561,grey
PI4KA,0.450509833587296,0.1958649067932409,grey
PHGDH,0.0158443013528095,0.3424945460433741,grey
PHF6,0.0152711081793307,-0.6396817943862454,grey
PHF5A,0.0543588836621709,-0.3566193472337098,grey
POLDIP2,0.0124775763047535,-0.4931792962145438,grey
POLDIP3,0.111304989082588,-0.2163212993252881,grey
POLR1D,0.166367442467031,0.3688485558991928,grey
POLR2B,0.539568287374564,0.0611734012941156,grey
PPTC7,0.0189529505049475,-0.3521925029489633,grey
PPT1,0.543403626465238,-0.0720495272045975,grey
PPP3R1,0.0456154517913391,1.196075798896901,grey
PPP3CC,0.0094361750606539,0.6444913790732986,grey
PPP3CB,0.00178003258103,1.0905595473797236,grey
PPP3CA,0.0012622180122867,0.8698843857489393,grey
PPP2R2A,0.0516421305814838,0.392865239754266,grey
PPP2R1A,0.0067796254302868,0.5206862770442476,grey
PPP1R9B,0.0494102574565853,0.942505450923399,grey
PPP1CB,0.116496411376911,0.2285834389758613,grey
PPP1CA,0.374231388106086,0.0973194043761875,grey
PPOX,0.476840102484873,-0.0375980140620456,grey
PPM1G,0.0110891268483664,0.3980749650788516,grey
PPM1B,0.0221670116773839,0.2818363973261359,grey
PPM1A,0.15525625974267,-0.1354446269212507,grey
PPIL3,0.0370754442153564,0.2782096636180339,grey
PPIH,0.738821824245939,-0.0366279856274029,grey
PPIG,0.239465320898575,-0.4025829909648883,grey
PPID,0.0386974744155789,0.2517682321209594,grey
PPIB,0.732989493303732,0.0696759481766323,grey
PPIA,0.0418594922891813,-0.2530264935699847,grey
PPDPF,0.0350212570296447,-0.5234413976191616,grey
PPAT,0.614736447488268,-0.1121024308841406,grey
PPA1,0.48492452543169,-0.0874828955339129,grey
POU3F1,0.838846068476319,0.1429304392440339,grey
POR,0.235809903460415,-0.1087577988807756,grey
POP4,0.861310724254513,-0.0005444308049266,grey
PSMD5,0.0087320403707645,0.4167019590487487,grey
PSMD6,0.0028884303261364,0.669204889250891,grey
PSMD7,0.0531167593401169,0.3850921261485425,grey
RAMAC,0.0323609638283001,-0.7236422192610754,grey
RBFOX3,0.0062680438564334,-0.5387086501922849,grey
RBFOX2,0.0110891268483664,-0.418267473390313,grey
RBBP4,0.156302091630539,0.1536606617183161,grey
RARS2,0.571215485622619,-0.0304854846188693,grey
RARS1,0.35198302575446,0.0862110528441048,grey
RAPH1,0.758115395479907,0.0221758678076986,grey
RAP2C,0.0286917703593035,-1.0736232275265398,grey
RAP2A,0.0142313824509308,-1.0606853104042286,grey
RAP1GDS1,0.127103182465718,0.3261002347928043,grey
RAP1A,0.174225964205316,-0.2409057092638338,grey
RANGAP1,0.442277383709644,-0.0609303373382415,grey
RANBP1,0.0370754442153564,0.318476675824238,grey
RAN,0.0221670116773839,-0.583756339696543,grey
RALY,0.03325400424606,-0.6330324672534533,grey
RABGAP1,0.151439399178507,0.2016367181989791,grey
RALA,0.0609839087707779,-0.2763213070167611,grey
RAI14,0.0530589301994885,0.2510425694911466,grey
RAF1,0.498032226012688,0.0823663101679533,grey
RAE1,0.964609348458621,0.0060827975597072,grey
RAD50,0.914489781939574,-0.0060820244616357,grey
RAD23B,0.0243943816870065,0.3040438664820126,grey
RACK1,0.129516478346375,-0.2209617953377706,grey
RAC3,0.0229114028032148,-0.3501438067269178,grey
RAC1,0.0016306997339571,-0.7878195344682005,grey
RABL6,0.706143496936583,0.1078615376170512,grey
RABL3,0.0121297197089359,-0.7075352742180533,grey
RABIF,0.869109406770662,0.0037205976584708,grey
RABGGTB,0.138132611659389,0.6301205468553868,grey
RBM10,0.385195287450824,-0.1341386936719054,grey
RBM14,0.0130468854445531,-0.4261746791251281,grey
RBM15,0.0119859834051119,-0.3852169347227502,grey
RBM15B,0.0094209105120599,-0.4322055190489059,grey
RIMS4,0.0353561694955736,-0.4353898590464222,grey
RIMS3,0.38704833107301,-0.1069514859903728,grey
RHOT2,0.499561257588188,0.0851146101657396,grey
RHOT1,0.0783720416834408,-0.1833110411511077,grey
RHOB,0.271795042750978,-0.2938179263512201,grey
RHOA,0.0477788712311875,-0.7889636683567964,grey
RHEB,0.0166979091250304,-0.5062058179713015,grey
RFC5,0.991056344415386,-0.0225790087710925,grey
RFC4,0.0842573786166294,0.1679105993479522,grey
RFC2,0.0636651562338129,0.2581035796494177,grey
RECQL,0.823357146211155,-0.023640466266519,grey
RDH14,0.605030631752997,0.045371193708517,grey
RDH13,0.886451610586532,0.0187636245729918,grey
RDH11,0.145459264684199,-0.2049725175030225,grey
RCN2,0.328266120623487,0.1783310867058688,grey
RCN1,0.0530589301994885,-0.3622838072641597,grey
RCC2,0.961068862521976,0.0050111034264416,grey
RCC1,0.0459270182142345,-0.2522647340462514,grey
RBX1,0.117305860846873,-0.2292621834673404,grey
RBM7,0.0899825412828298,-0.2570380737512128,grey
RBM5,0.313599500421654,0.2145587321744264,grey
RBM4,0.0195503473369846,-0.3528748875611552,grey
RBM39,0.744500738907788,-0.0945696202786126,grey
RBM3,0.0773120415224504,-0.2099967136970194,grey
RBM28,0.0062680438564334,-0.5892298440814183,grey
RBM25,0.133402430052703,-0.1370681483591351,grey
RBM17,0.392316171928605,-0.1130792415982229,grey
RABGGTA,0.0152554462171707,0.3490759548828044,grey
RABEP1,0.253519537039419,0.1417601578638339,grey
PSMD8,0.194730443305093,0.3236936182295895,grey
PTPN23,0.321619539527253,0.1483724411010785,grey
RAB10,0.669394639036623,0.071523560161547,grey
QTRT2,0.601507350202969,0.1130903099606045,grey
QARS1,0.360834798944624,0.1327568825511371,grey
PYGB,0.052002550399901,0.1863506496336736,grey
PYCR3,0.0196474752056846,0.3695809689980706,grey
PYCR2,0.1727814010989,0.2222441459828595,grey
PYCR1,0.772255314737165,0.015992100725745,grey
PWWP3A,0.0093078339017106,-0.5449101478726532,grey
PURA,0.60947321917809,-0.0414588772295529,grey
PUM3,0.534178386119978,0.0559397325986318,grey
PUF60,0.572339944391396,-0.0936107527567872,grey
PTRH1,0.27794169208101,-0.0975564510911762,grey
PTPN9,0.233108576764341,-0.2478318883153679,grey
PTPN11,0.3020062087077,0.095406792396207,grey
RAB9A,0.0268534905950782,-0.780465945943627,grey
PTPN1,0.0634956121759522,-0.1754969987048002,grey
PTPMT1,0.450870217257875,0.0741145157893416,grey
PTP4A3,0.171488380152277,0.2149253427164844,grey
PTN,0.0338348546338873,0.4099905205473247,grey
PTGR3,0.0121382791053997,-0.5553965089084,grey
PTGES3,0.0173125952100539,-0.5976275559499244,grey
PTGES2,0.163244196028032,-0.143759629101273,grey
PTBP3,0.216708793753045,-0.3338308363600043,grey
PTBP1,0.0207553752572248,-0.30309186219766,grey
PSPC1,0.102543815871682,-0.2205233112924562,grey
PSMF1,0.424196465499879,-0.0669963208558304,grey
PSME3,0.0519888653258878,0.4710740273596371,grey
PSMD9,0.228468305071023,0.1629287929038476,grey
RAB11B,0.609000796774389,0.0732027665105065,grey
RAB13,0.0061200400328304,-0.7172442758205912,grey
RAB14,0.0056713515963893,-0.9511633203309988,grey
RAB15,0.0401261066822308,-0.2633650897588115,grey
RAB8B,0.393698679417976,-0.1242163156861724,grey
RAB8A,0.0841588412872688,-0.2488751321278817,grey
RAB7A,0.292770369330411,-0.1796600392663775,grey
RAB6B,0.0165042305340726,-0.3815816855826404,grey
RAB6A,0.0362151827665779,-0.3957763007092585,grey
RAB5C,0.025647633435911,-0.4872616590482328,grey
RAB5B,0.0151203259216568,-0.5429769210064671,grey
RAB5A,0.0086546505171522,-0.651531967797253,grey
RAB4B,0.339523527727174,-0.1321144369915697,grey
RAB3C,0.027302428762388,-0.549069159675126,grey
RAB3B,0.869730130289714,-0.0147716815918995,grey
RAB3A,0.94685673703374,0.008728161445588,grey
RAB39B,0.523300908045033,-0.0959224017477757,grey
RAB39A,0.563069195675166,-0.0813046410810897,grey
RAB34,0.219858831189623,-0.2006172995722639,grey
RAB33B,0.0366827670074454,-0.5969359480120142,grey
RAB33A,0.0270655073844934,-0.5377505097638465,grey
RAB30,0.0335168684019408,-0.6345970961895867,grey
RAB2B,0.071044357138773,-0.3425518995816522,grey
RAB2A,0.30739382043827,-0.1471720743662659,grey
RAB28,0.0575600063578886,-0.5027377961998174,grey
RAB26,0.578491305146513,0.1710683905406813,grey
RAB23,0.0062680438564334,-0.6952158794332627,grey
RAB21,0.134986377917552,-0.2532524079525616,grey
RAB1B,0.519843063077562,-0.0970798544705771,grey
RAB1A,0.739879616319181,-0.0281045215395138,grey
RAB18,0.0362022952749647,-0.3661579790085248,grey
PHB2,0.0121155086852931,-0.5608567084340159,grey
PGRMC2,0.715829906280574,0.0569037097353984,grey
RLIM,0.416386811243392,-0.2036469085351049,grey
NDUFA12,0.0082853872422076,-0.4243872195895009,grey
NDUFB10,0.0726616825730165,0.3434656148446495,grey
NDUFB1,0.0686344671055073,0.4425723681445142,grey
NDUFAF4,0.391059792239733,-0.0744442658620112,grey
NDUFAF3,0.80106719569169,-0.0065476382805568,grey
NDUFAF2,0.164961167228107,0.1505382054451652,grey
NDUFA9,0.0130468854445531,0.4668032281189033,grey
NDUFA8,0.112638907016425,0.2559530851400549,grey
NDUFA7,0.0255225016433188,0.3732548267417441,grey
NDUFA6,0.058411487833819,-0.3310583186075239,grey
NDUFA5,0.411973630579015,0.1887318620128211,grey
NDUFA4,0.0301118477112991,-0.3994746334561306,grey
NDUFA2,0.898061651050034,-0.0493315548001114,grey
NDUFA13,0.41928513974014,0.2159167143320959,grey
NDUFA11,0.189620529947673,0.1470093757851538,grey
NDUFB4,0.0335168684019408,-0.3039077801132848,grey
NDUFA10,0.0169013455258275,-0.4701758074857323,grey
NDRG4,0.324757982812034,0.3563641766504877,grey
NCSTN,0.273248235828956,0.1228067079844406,grey
NCL,0.139583288289002,0.1329725944806548,grey
NCBP3,0.0067918288114361,-0.4427148814436795,grey
NCBP2,0.01588315470725,-0.3557431049860934,grey
NCAN,0.168790716356386,-0.1966718222572281,grey
NCAM1,0.133874861930747,0.1418756788540066,grey
NBEA,0.0161175806688723,0.4208817818627463,grey
NAXD,0.0092323137798737,-0.5446208954584963,grey
NAV1,0.707829479593925,0.006464607806934,grey
NAT14,0.275181050523421,-0.2505341003252102,grey
NAT1,0.0028884303261364,1.1094281510202442,grey
NDUFB3,0.138059147792356,0.4979343085311844,grey
NDUFB5,0.222264782151414,0.4075114132961271,grey
PGRMC1,0.834104229729395,-0.0376302689763215,grey
NEFM,0.0061816517157318,0.4917676459935916,grey
NIT2,0.0954449159742699,-0.329260995956527,grey
NIPSNAP3A,0.397636005813302,-0.0660355955581019,grey
NIPSNAP2,0.0986198208470117,-0.318225556072733,grey
NIPSNAP1,0.0072570942319517,-0.4751239572365349,grey
NIF3L1,0.33597700117965,0.2231795397440662,grey
NHP2,0.760489518586925,-0.0300091237405793,grey
NFS1,0.0135363863265847,-0.3588418818748671,grey
NEUROG2,0.573592684325346,-0.1129027361610415,grey
NEU1,0.576400634338494,-0.0505042959813588,grey
NES,0.389536087791392,0.3557389920553332,grey
NELFA,0.0069380007745202,1.0830400815510797,grey
NEK7,0.0151157684589154,0.4175137569974738,grey
NEIL2,0.538935476347866,0.2108744436335366,grey
NEFL,0.0060010648675441,0.4825719798097482,grey
NDUFB7,0.0155074224657677,0.6817379621493986,grey
NECAP1,0.0008345647592515,0.8942852343969546,grey
NDUFV2,0.0608036519812059,0.4050961622706593,grey
NDUFV1,0.517515954600974,-0.0632131619480026,grey
NDUFS8,0.117672260047107,0.2711084314385915,grey
NDUFS7,0.0512315438127971,-0.3239969480499042,grey
NDUFS5,0.30739382043827,0.2269966718679558,grey
NDUFS4,0.242224156251136,0.2549071192926075,grey
NDUFS3,0.0342619624378755,0.2485962021298191,grey
NDUFS2,0.305051266566737,0.1443147912746747,grey
NDUFS1,0.0357465640660466,0.5389035526301726,grey
NDUFC2,0.150558784688783,0.2816656614659961,grey
NDUFB9,0.0119410199384979,0.4814040135237027,grey
NDUFB8,0.154161421968146,0.4767812724339726,grey
NAPA,0.0076276982014828,0.4653421394285325,grey
NAP1L4,0.0105852270829879,0.3532099434469864,grey
NAP1L1,0.0210785107670811,0.3076115742432518,grey
MRPS28,0.126383170906981,0.2615168834915807,grey
MSRB2,0.658433257999051,-0.0377266539262801,grey
MSN,0.0195769060547728,0.7606966709255404,grey
MSI2,0.273723305006211,-0.1034267410297014,grey
MSI1,0.351558884131234,-0.1383669009458289,grey
MSH3,0.715829906280574,0.1372108985301317,grey
MSH2,0.830182302444387,-0.0021939064166286,grey
MRPS9,0.212022370716798,0.160882031629904,grey
AARSD1,0.0640965473258096,-0.2433239181485946,grey
MRPS6,0.704356322956821,-0.0911025348585073,grey
MRPS5,0.326710276487077,0.2833256352426358,grey
MRPS34,0.544989397797935,0.0525055192915499,grey
MRPS33,0.120110807333292,0.3591104282662568,grey
MRPS31,0.0838374600156688,0.4080334435716717,grey
MRPS27,0.257143194055627,0.1178478497246929,grey
NAMPT,0.0842573786166294,0.3217775880114844,grey
MRPS26,0.948791736778939,0.0122034049431763,grey
MRPS24,0.636055488382442,0.0989904405471622,grey
MRPS23,0.0151620448404349,0.3366592475817862,grey
MRPS22,0.0892884344377805,0.3755113235421663,grey
MRPS21,0.971115470441043,-0.0749956185603488,grey
MRPS2,0.11373666001223,0.1970600279301597,grey
MRPS17,0.478586030905805,-0.0806344931672801,grey
MRPS15,0.31968363644276,0.1360032554320367,grey
MRPS14,0.003049226070774,-0.7370656100826372,grey
MRPS12,0.0651275362341576,-0.451016578144755,grey
MRPS11,0.897920894275128,-0.0384642439619491,grey
MRPL9,0.0062680438564334,-0.4811565457889588,grey
MRPL58,0.576339883703008,-0.1555651725618727,grey
MT-CO2,0.0401261066822308,0.440888016451794,grey
MTCH1,0.639605276471979,-0.0218294908014108,grey
MTCH2,0.0096550670707408,-0.5344424701271482,grey
MTDH,0.268380164446081,-0.1675019145050838,grey
NAGK,0.0062680438564334,0.5102364986439677,grey
NAE1,0.964579776769305,0.0119456537434927,grey
NACAD,0.154486560126666,0.3765535199639878,grey
NACA,0.854324650596551,0.009536175735918,grey
NAA30,0.303561808229524,0.3516776728610011,grey
N6AMT1,0.137828802149185,-0.1995357580205121,grey
MYO6,0.0110889982185366,0.6025705783956464,grey
MYO5A,0.0333710795647231,0.3406341108600927,grey
MYO1C,0.0052502479484459,-0.6679817529542516,grey
MYO1B,0.002301289556564,0.6766261497948867,grey
MYO18A,0.0653716511185407,0.3238144886938265,grey
MYL6,0.169804882024132,0.2243851413593493,grey
MYH9,0.002301289556564,0.694948538563255,grey
MYH10,0.0092323137798737,0.4246675511462475,grey
MYEF2,0.0131176590819352,-0.3554315774826869,grey
MTX3,0.0359365244831258,-0.3620916744587545,grey
MTPN,0.63285369790251,-0.0538763688113359,grey
MTO1,0.0209352465247544,-0.4201424242781089,grey
MTIF2,0.072377864973883,-0.3052923054285361,grey
MTHFD2,0.113467333102645,-0.1360616141555188,grey
MTHFD1L,0.95328227826609,0.0077738405666086,grey
MTHFD1,0.529663000939999,0.0582200468001048,grey
MTG2,0.210224261225296,-0.3966287919104198,grey
MTG1,0.674847610532951,0.033252992369747,grey
MTFR1L,0.85613841296859,0.0095293105449057,grey
MTFMT,0.069633147953842,-0.3966279598005687,grey
MTERF4,0.73043663831602,0.1138753259082111,grey
NKAPD1,0.10866256176746,-0.5143374431473825,grey
NKIRAS1,0.0429978708997026,0.274515044002788,grey
NKIRAS2,0.0714652446694299,-0.2767263583398179,grey
PARP1,0.270729776748296,-0.1197435167360205,grey
PCMTD2,0.314445692409487,0.0775373265333588,grey
PCMTD1,0.071044357138773,0.1679518678851367,grey
PCMT1,0.173990572455764,0.2403584175555803,grey
PCK2,0.160241430747631,-0.1175425450810614,grey
PCDH1,0.680652510709108,0.0619420713007756,grey
PCBP4,0.0362905894424612,-0.3252509775877817,grey
PCBP3,0.125036115085759,0.1592737796611554,grey
PCBP2,0.268355711158562,0.1056237353881405,grey
PCBP1,0.0623355159854774,0.2018561680401653,grey
PC,0.0341668729205754,-0.3232715659170451,grey
PBLD,0.933073106556416,0.0181279244158319,grey
PBDC1,0.0080415379267829,0.4217695608259809,grey
PARS2,0.492772635512185,-0.0719249833353154,grey
PARK7,0.0063645509243294,0.6171852684860493,grey
P4HB,0.563069195675166,0.0815353484355193,grey
PANK4,0.0352541814117697,0.3173885104459575,grey
PAM16,0.87017265765246,0.0227355822586555,grey
PALM,0.0141903506289159,-0.39712721165278,grey
PAK2,0.170782867683537,-0.147301727705807,grey
PAK1IP1,0.098165678728573,-0.1684165080278004,grey
PAICS,0.760232695806685,0.0467488582874736,grey
PAFAH1B3,0.752498215584559,0.0013409667566565,grey
PAFAH1B2,0.29076576742943,0.1098025324755197,grey
PAFAH1B1,0.16260247112576,-0.1467606450092125,grey
PAF1,0.576400634338494,-0.0477001379098157,grey
PABPN1,0.382755507522563,-0.1302585857730643,grey
PABPC1,0.376085777617825,0.1911125540642472,grey
PAAF1,0.993638646491437,0.0110071854571323,grey
PCNA,0.181998488133324,0.2477073039680992,grey
PCSK1,0.591549538907668,0.0883107466537891,grey
PCSK1N,0.0842401863868559,0.3111450006428065,grey
PCYOX1,0.098165678728573,-0.3393624301918287,grey
PGM3,0.110532561871423,0.2252302653486935,grey
PGM2L1,0.991056344415386,0.0220298161071288,grey
PGLS,0.0456154517913391,0.3549418043287415,grey
PGD,0.0311632655800602,0.3504123154950894,grey
PGAM5,0.0042024990853103,0.5611171244561814,grey
PFN2,0.0164375367155399,0.4021429886508953,grey
PFN1,0.0914608292593858,0.1910607626386314,grey
PFKP,0.640282166719908,-0.0757434978143736,grey
PFKM,0.0093078339017106,-0.6114769736884149,grey
PFKL,0.0121636857209128,-0.37710018416388,grey
PFKFB3,0.40039379513868,0.0835818445523295,grey
PFDN6,0.27144234521106,0.2716433126556032,grey
PFDN2,0.707117218745366,0.057056764073135,grey
PFDN1,0.776470658669815,0.0099194583656765,grey
PET100,0.374636518052028,-0.1208130423359398,grey
PELO,0.068365427795185,0.2506736812712603,grey
PEG10,0.0195769060547728,0.7003180597561791,grey
PDP1,0.058411487833819,-0.3406457722600252,grey
PDK3,0.110083382109846,-0.2340820343591008,grey
PDK1,0.0353941982855513,-0.4575632818480015,grey
PDIA6,0.599918302630547,-0.0544165151353504,grey
PDIA3,0.0159992420039109,-0.3138824340305404,grey
PDHX,0.206399288423547,0.1842568906964423,grey
PDHB,0.206335271578744,-0.1419218618711897,grey
PDHA1,0.0980883066377911,-0.2174145708408554,grey
PDCD10,0.319826329941074,0.0801830331723354,grey
PCYOX1L,0.0370397030616595,-0.4708050576018798,grey
PA2G4,0.688042237133712,-0.0984118410246363,grey
P2RX3,0.0027959359545103,-0.941738751783997,grey
NME1,0.0839434353558565,0.2413921225933084,grey
NRAS,0.0142870961469633,-0.6359158665221156,grey
NUBP1,0.258800282450735,0.1769883260995753,grey
NTPCR,0.0253630203090407,0.3263203822837279,grey
NTMT1,0.132840157696831,-0.3056041304438565,grey
NTHL1,0.166743592403235,-0.1839077848332556,grey
NT5DC2,0.492376047386297,-0.0866578887921253,grey
NSUN5,0.8767211721763,0.032193144027139,grey
NSUN4,0.956300368717389,0.0840332585989241,grey
NSUN2,0.0338533942148103,0.2415654326701824,grey
NSF,0.87482757126221,-0.0279634061484944,grey
NSDHL,0.753577645666674,0.0507322705145433,grey
NSD3,0.64551333255624,0.3080409448748237,grey
NRXN2,0.0060778414552779,-0.4977929998098462,grey
NRXN1,0.0642571295276198,-0.2810068598775734,grey
NR2C2,0.89726063363228,-0.029497661285452,grey
OXSR1,0.674492349418852,0.0256524793193011,grey
NPM3,0.869109406770662,-0.0126304227500772,grey
NPM1,0.03325400424606,-0.2967682566616124,grey
NOVA2,0.407921029910009,-0.1161057705053798,grey
NOVA1,0.0312002636603674,-0.349210080206884,grey
NOP58,0.0772692430838863,-0.4873413886580738,grey
NOP56,0.0400305882291646,-0.2422836815163476,grey
NOP10,0.014689672988027,-0.3623351561813829,grey
NONO,0.297550005468406,-0.098903123387352,grey
NOLC1,0.0356294105727011,-0.4550896365043776,grey
NOL12,0.0270760093057463,-0.2997112447608246,grey
NNT,0.0362151827665779,0.3712650675636606,grey
NMT1,0.484496216924673,-0.0601199060810722,grey
NME3,0.179425516621071,0.3737611207857203,grey
NUBP2,0.165469164976859,0.2123802257943542,grey
NUBPL,0.0679880296761307,-0.2863248488407043,grey
NUCKS1,0.610642425151615,-0.1451749983982364,grey
NUDC,0.183652379141425,0.1193899603944617,grey
OXNAD1,0.0900745931656823,-0.3361827567677495,grey
OXA1L,0.025647633435911,0.3459847917801216,grey
OTULIN,0.0586738473280748,0.3090169585687535,grey
OTUD6B,0.775359555337321,-0.0829372997015955,grey
OTUB1,0.258891587652022,0.0960057171917768,grey
OSGEPL1,0.98262694159157,0.011637884187361,grey
OSBPL8,0.0228330629095915,-0.337792189188685,grey
OPA1,0.495896027650131,-0.0286447987969093,grey
ONECUT2,0.003049226070774,-0.8346702659187073,grey
OLA1,0.886451610586532,-0.0070574219619321,grey
OGDH,0.962698502124344,0.0167175679433118,grey
OGA,0.367422653211145,0.1362551345908683,grey
OCRL,0.0144103559494683,0.4691686648846291,grey
OCIAD1,0.0972528050139797,-0.1553977147284505,grey
OAT,0.846200150045214,-0.006041775896557,grey
OARD1,0.13515971675645,-0.2788768973303947,grey
NXPH4,0.0008678033201834,-1.241046211055031,grey
NXN,0.265895076388094,0.1279167288753961,grey
NUTF2,0.649177069616798,0.0220386016764038,grey
NUP98,0.572466503115389,-0.1617249765903392,grey
NUP93,0.622176020911542,0.0532461765174463,grey
NUP35,0.701748186329909,0.0009389280738448,grey
NUP214,0.257189421639545,-0.0995693630210296,grey
NUMA1,0.290322488573793,0.2255576957582387,grey
NUFIP2,0.472780462449991,-0.1363716259689361,grey
NUDT21,0.316224024165073,-0.1010945388255578,grey
NUDT11,0.0366827670074454,-0.4625710801496523,grey
RIOK3,0.245875990846992,0.0998145446985055,grey
RND2,0.8767211721763,-0.0122697735080964,grey
MRPL54,0.495977692684686,-0.0829988275576518,grey
TKT,0.95074167841233,-0.0165658669425558,grey
TMSB10,0.183652379141425,0.8570602395440826,grey
TMPO,0.0052502479484459,-0.5321824177821286,grey
TMOD2,0.40006976442983,0.1732050269433387,grey
TMLHE,0.532329263263277,0.1025269551744664,grey
TMEM33,0.64551333255624,0.0733600101657593,grey
TMEM30A,0.0642804890908885,0.5158941405331443,grey
TMEM126A,0.209038898632342,-0.1792614963195534,grey
TMEM106B,0.29787553385537,0.2022501600279702,grey
TMEFF1,0.002301289556564,-0.6329881864866727,grey
TMED9,0.121658999358625,0.363345814391369,grey
TMED4,0.0681179140304615,0.3756200565310714,grey
TMED10,0.266865441956141,0.2586037161496698,grey
TMA16,0.426194728441543,-0.1456149680316021,grey
TK2,0.0356294105727011,-0.3681020559250726,grey
TMX1,0.207477103350193,0.2034104705170659,grey
TJP1,0.286594842800455,0.11066764816149,grey
TIPRL,0.976602657820012,-0.0177526820157225,grey
TIMM9,0.0588489871461812,0.4543937992128067,grey
TIMM8B,0.0275784106262392,-0.2439049739747933,grey
TIMM50,0.272890987010638,-0.1050976222853624,grey
TIMM44,0.19788254186486,0.1883995047953179,grey
TIMM29,0.026088569349951,0.2879319126445105,grey
TIMM13,0.224446800550482,-0.1140959661463783,grey
TIMM10B,0.907485253009645,0.0545979380668111,grey
TIMM10,0.728393008177987,0.0361584390947214,grey
TIGD2,0.252638980449053,0.2132593870975822,grey
TIAL1,0.028128924369126,-0.4442567398404454,grey
TIA1,0.013915626216246,-0.3589625494316047,grey
TMSB4X,0.0268274832916356,0.9014056932004326,grey
TMX3,0.0362905894424612,-0.3494453879025074,grey
STIP1,0.886451610586532,0.0250797901841458,grey
TPR,0.989852174657477,0.0813446574387923,grey
TRMT1L,0.539675351572175,0.1242526760521474,grey
TRMT112,0.0783720416834408,0.2350762798162336,grey
TRMT10C,0.132002236427699,-0.199074029383859,grey
TRIM71,0.0392128462512728,0.2680508799407568,grey
TRIM36,0.180395908806916,0.2229905852915498,grey
TRIM3,0.890133979872953,0.0184807094262042,grey
TRIM28,0.0210785107670811,0.3877038926690223,grey
TRIM2,0.215697819123952,0.1350845779866047,grey
TRAPPC5,0.0350892507869175,0.3944355509285482,grey
TRAPPC4,0.358055406787536,0.0713740350399413,grey
TRAPPC1,0.614736447488268,0.0705213652125783,grey
TRAP1,0.0712449747714849,-0.1707142810942558,grey
TPRKB,0.161401032684287,0.256068818529561,grey
TPPP,0.667297293803731,0.0487026456772319,grey
TNKS1BP1,0.222264782151414,-0.1678078122755724,grey
TPP1,0.0585897118920254,-0.2761028957278461,grey
TPM4,0.605030631752997,0.0896384374459139,grey
TPM3,0.517515954600974,0.0719525383254953,grey
TPI1,0.21316556389608,0.1371398792964442,grey
TPD52L2,0.0047911446046486,-0.6044650827373825,grey
TP53RK,0.888396408037203,0.1926267543094334,grey
TP53I11,0.0573563115496094,0.515029361359608,grey
TP53BP1,0.0023056282193724,1.0260663295646602,grey
TOR1AIP1,0.258800282450735,-0.0973477120236057,grey
TOP1,0.0323609638283001,-0.4311270590577023,grey
TOMM70,0.01588315470725,-0.3370222294574171,grey
TOLLIP,0.115086959335888,0.2740093929241749,grey
TNPO1,0.252322554085337,0.1333287223375496,grey
THYN1,0.0335516825702223,-0.3739891729536984,grey
THY1,0.572388238230497,-0.1430099635066,grey
THUMPD3,0.013915626216246,0.3794825392463509,grey
STX1B,0.40850871434578,0.1087985905791633,grey
SUSD2,0.0284748142757035,0.4704775726240365,grey
SUPT5H,0.0923806936860578,-0.1994443830812143,grey
SUPT4H1,0.0942396861361204,-0.2039396695264204,grey
SUPT16H,0.0323609638283001,0.3919701941513978,grey
SULF2,0.0452695564452431,-0.2157714683279109,grey
SUGT1,0.828279102417632,0.05468948241659,grey
SUGP2,0.0434491962374992,-0.2271066658786474,grey
SUCLG2,0.101942368683172,0.1643370908805917,grey
SUCLG1,0.294472830037792,-0.1204549674314014,grey
SUCLA2,0.94685673703374,0.0198371394492032,grey
SUB1,0.315968215852535,0.0686340340332115,grey
STXBP1,0.247587631805176,-0.1639616426884969,grey
STX7,0.518810951406535,0.1354042068193113,grey
STX17,0.587322857041895,0.080665890067037,grey
THSD7B,0.973141825759662,0.0333948953954284,grey
STX12,0.59869745312872,0.0286295264923772,grey
STUB1,0.025584104940395,0.2946971643788729,grey
STT3B,0.207290973128939,0.1342581899901645,grey
STT3A,0.231216474786546,0.1498347171440399,grey
STRN4,0.0738661514784102,0.5382358410293275,grey
STRN3,0.05391280053267,0.2292972296208145,grey
STRAP,0.965352143593202,0.0129113563008592,grey
STOML2,0.0714652446694299,0.3406964826397861,grey
STMN4,0.863411942408348,0.0537944972720301,grey
STMN3,0.649232362767241,-0.0537139881050233,grey
STMN2,0.758115395479907,-0.0257293984101839,grey
STMN1,0.141182452485754,-0.4937028914221024,grey
STK39,0.0170364124877587,0.3778104777986728,grey
SYN1,0.1693421882861,-0.1783635189216402,grey
SYNCRIP,0.153461312450292,-0.1628192582153271,grey
SYNGR3,0.585085506665615,-0.0270749077960861,grey
SYNJ1,0.0062680438564334,1.0193441107377237,grey
THRAP3,0.7659678267122,-0.0453934892125435,grey
THNSL1,0.229057377943744,0.2226312910687612,grey
TGFBR1,0.0427251421590856,-0.2376762589595244,grey
TFCP2,0.529663000939999,0.124449218303496,grey
TFB2M,0.886451610586532,0.0140900142084568,grey
TFAM,0.136805252758465,-0.1357701206524072,grey
TES,0.177446868410177,0.275888884599959,grey
TECR,0.308453409864844,-0.102966660068216,grey
TCP1,0.124663917213408,-0.2084071764248515,grey
TCOF1,0.0048601658014033,-0.5544495204872883,grey
TCERG1,0.962232402468781,-0.026226455779172,grey
TCEA1,0.713412665187442,-0.075401058981864,grey
TCAF1,0.31538764353959,0.1355873230873665,grey
TBK1,0.392316171928605,0.1998471370576311,grey
TBCB,0.124853249154214,0.1947126960752419,grey
TBC1D10B,0.0555550280233734,-0.2623265360399449,grey
TARS2,0.832322481305943,-0.0223313921081817,grey
TARS1,0.662985408902147,0.0386794707209319,grey
TARDBP,0.0221670116773839,-0.3547902614346805,grey
TAMM41,0.013915626216246,-0.6588848389889905,grey
TALDO1,0.337501643129339,0.4579205028485361,grey
TAGLN3,0.0714652446694299,-0.258707900510034,grey
TAGLN2,0.162376377377371,0.1409992551343948,grey
TAF7,0.060143435454509,0.3377254682259293,grey
TACC2,0.726852360195363,0.0674479356682798,grey
SYT1,0.014689672988027,0.6807915438680516,grey
SYP,0.233058151216553,0.3385795373038901,grey
TRMT5,0.394539756340659,-0.1680177770003443,grey
TRUB1,0.0487470122320021,-0.2658938887720501,grey
TRUB2,0.203054021081656,-0.1029462105221669,grey
WASL,0.0864962043179664,0.1627196612992001,grey
WWP2,0.805466424756289,-0.0707949489694835,grey
WRNIP1,0.324599318530841,0.2496913582852286,grey
WIPI2,0.7366819239532,0.1012383474651609,grey
WDR83,0.662627251081382,-0.0611967950978356,grey
WDR82,0.776455370930285,-0.0184159861835804,grey
WDR77,0.0447878611286531,0.7191598884857486,grey
WDR7,0.124814106472124,-0.1458534248004912,grey
WDR6,0.0736568248159312,0.4552284750810716,grey
WDR41,0.273929901832442,0.1503030828723645,grey
WDR37,0.512604729440526,-0.0838353159273877,grey
WDR1,0.405039728440347,-0.1017797344381511,grey
WDFY3,0.0451189503195739,0.4469117678009406,grey
WBP11,0.823638679500019,-0.0876208649458655,grey
WARS1,0.191964848440386,0.2037523298892278,grey
VAT1L,0.864306372485557,0.1098245268753731,grey
VPS4B,0.168131047718425,-0.1693438495364077,grey
VPS4A,0.352770908680127,0.1219128865579431,grey
VPS45,0.976143513225219,0.3732893893367259,grey
VPS35,0.223711599469915,0.1576902378470084,grey
VPS33A,0.419826537058418,0.1803739061010518,grey
VPS13A,0.0700124716181681,0.1890897832622755,grey
VIM,0.0260977051273557,0.8290007622021063,grey
VGF,0.0501378181957166,-0.2281216841341361,grey
VDAC3,0.0229114028032148,0.2852820567806667,grey
VDAC2,0.127103182465718,0.2639113092829651,grey
VDAC1,0.605330054542215,0.1149858673648811,grey
VCP,0.228593212562096,0.1363398443608931,grey
VBP1,0.0736876672733399,0.1899609273063167,grey
XPO1,0.0260764220932491,0.2774196731009702,grey
XRCC5,0.200594885288066,0.1450504119163822,grey
XRCC6,0.237797203237587,0.1049745331014114,grey
XRN1,0.176180851319976,-0.1466172974104932,grey
ZYG11B,0.206862166429213,0.2164567240940174,grey
ZNRF1,0.0143691232232504,-0.3595425942301793,grey
ZNF638,0.864306372485557,-0.0191393276136005,grey
ZNF579,0.531128122170182,-0.1951559064011448,grey
ZNF428,0.0064771192651244,-0.6160215679609344,grey
ZNF385A,0.0813697925546733,0.5989585322190898,grey
ZNF281,0.129434915777116,-0.2978358086449811,grey
ZNF22,0.098165678728573,-0.2311985495988316,grey
ZNF207,0.340230448509383,-0.1967879015824082,grey
ZIC2,0.142026368968279,0.1529583989321678,grey
ZFR,0.011002914158274,-0.4293752939610198,grey
ZC3H4,0.320300783156313,-0.0967641411373063,grey
ZC2HC1A,0.101942368683172,-0.2865366594774449,grey
YWHAZ,0.0171932274982005,0.3076879732555321,grey
YWHAQ,0.0018843004105075,0.7283666771248073,grey
YWHAH,0.206457794388033,0.2134468660983005,grey
YWHAG,0.0363817253915467,0.3135297938096083,grey
YWHAE,0.0379955175842606,0.3270794257133209,grey
YWHAB,0.0229114028032148,0.3714764078642089,grey
YTHDF3,0.886754600403054,-0.0234727020680084,grey
YTHDF2,0.191818508671018,-0.1144881969668304,grey
YTHDF1,0.630954822310708,-0.0728623635086193,grey
YME1L1,0.0142870961469633,0.456125386066071,grey
YBX1,0.686792961417834,0.0892109186129298,grey
YBEY,0.155480289328638,-0.2987384818774351,grey
YARS1,0.160792874490921,0.2151376930154732,grey
XRN2,0.0770856478604364,-0.2730098092560657,grey
VAV2,0.0928339711616954,0.1936255831028451,grey
VAT1,0.38704833107301,-0.0544704293309441,grey
TSC2,0.971443202951309,0.0222048858105848,grey
TUBB4B,0.0062680438564334,0.540252745053734,grey
UBE2M,0.020948166198723,-0.297288106044311,grey
UBE2L6,0.953492324661653,-0.0478221414959172,grey
UBE2L3,0.05613397040835,-0.4442513294920025,grey
UBE2I,0.0493385293292825,-0.3899720034848577,grey
UBAP2L,0.337770459955348,-0.1192124525902401,grey
UBA1,0.0942396861361204,0.2109427757435484,grey
U2AF2,0.506247607384527,-0.0416706170386982,grey
U2AF1,0.571215485622619,-0.0981228898329524,grey
TXN,0.781395362555993,-0.0423888549112651,grey
TUFM,0.162656430432616,-0.1219999433022007,grey
TUBGCP3,0.659336212982371,0.0472807122398539,grey
TUBG1,0.258800282450735,-0.1198295923831204,grey
TUBB6,0.0139100530806029,0.3379040408595757,grey
TUBB4A,0.878241705860041,-0.0149396409637628,grey
VARS1,0.0373020610775079,0.31008594826065,grey
TUBB3,0.0103445379327924,0.4379070878851157,grey
TUBB2B,0.136805252758465,0.1418393107925949,grey
TUBB2A,0.0093673434724648,0.4139480802158296,grey
TUBB,0.0357465640660466,0.2951404324356644,grey
TUBAL3,0.0015793986568711,1.010086874609427,grey
TUBA4A,0.0011126623056143,0.821636203282089,grey
TUBA3E,0.19626759854439,0.2724395620405939,grey
TUBA1C,0.158942165532759,0.3436826977688473,grey
TTC9C,0.0082411417424584,0.4006950141297115,grey
TTC5,0.792150767698626,0.0265369663340244,grey
TTC1,0.611011014032596,-0.0021477174805155,grey
TSPYL4,0.010885907572334,0.3857789219421557,grey
TSFM,0.0261853800917577,-0.6228874603607806,grey
UBE3A,0.205523910207191,0.1299421263421938,grey
UBL5,0.98078185488721,0.0745697275292523,grey
UBTF,0.17397679425894,-0.1272416164724041,grey
UBXN1,0.566434960504317,0.0370392898915106,grey
VAPB,0.854501409383006,-0.0215539551850976,grey
VAPA,0.578984661217062,0.0543790224995269,grey
VAMP2,0.117305860846873,0.1382621349901388,grey
USP7,0.0086546505171522,0.9706312808088886,grey
USP5,0.133402430052703,0.1333753140224136,grey
USP48,0.226772082217258,-0.1902915519466393,grey
USP14,0.950269174071203,0.0538297026284249,grey
USP11,0.333561897142057,0.4652422767203334,grey
USP10,0.63318994728925,-0.0574294794794051,grey
USF2,0.625853077312276,-0.1336884166882785,grey
UQCRH,0.225152145452297,0.3498163459029339,grey
UQCRFS1,0.206335271578744,-0.1423453070114999,grey
UQCRC2,0.0348493727441222,-0.2719016578196166,grey
UQCRC1,0.0062680438564334,0.6428779431259883,grey
UQCRB,0.0062680438564334,0.9888729847385438,grey
UQCC2,0.0818105554210572,-0.1929184961126735,grey
UQCC1,0.245972290388656,0.2109475026749335,grey
UPF3B,0.8767211721763,-0.0461638902749753,grey
UPF1,0.0726483615054476,-0.2717383895755428,grey
UMPS,0.0197804181544937,0.3225763555008423,grey
UGP2,0.0152554462171707,0.4261054605941203,grey
UGGT1,0.0411929970517736,-0.2384066815887232,grey
UGDH,0.783611520913502,-0.0239969065224022,grey
UCK2,0.228441734013825,-0.1308160938333422,grey
UCHL5,0.75691116681683,-0.0301302190487913,grey
UCHL3,0.0069586069717553,0.455099895637501,grey
UCHL1,0.607905363481842,0.0500164123198695,grey
STK11IP,0.863548560422328,-0.2827367206990008,grey
STAU2,0.0314456525419023,-0.2610157049611313,grey
RND3,0.0062680438564334,-0.8706176885791516,grey
RPSA,0.287252874947867,-0.1710185301222412,grey
RTRAF,0.287506327993445,-0.1398261014936773,grey
RTN4RL2,0.573592684325346,-0.1244116911655425,grey
RTN4,0.0012642426079985,0.79464993043259,grey
RTN3,0.94451714949037,0.0253293936684048,grey
RTN1,0.0130242223378679,0.72970093081225,grey
RTL8C,0.0736876672733399,0.1727148371435354,grey
RTF1,0.117672260047107,-0.1417704467428708,grey
RTCB,0.644871541854402,-0.0346950664732788,grey
RSL1D1,0.955559559282482,0.0030573540386353,grey
RSBN1,0.360834798944624,0.3628877837926798,grey
RRS1,0.161401032684287,0.2253354144778437,grey
RRP12,0.0919099879546164,-0.2776042144821359,grey
RPUSD3,0.832322481305943,0.0788230644573456,grey
RPS9,0.62170977233306,0.1960145727964679,grey
RUVBL1,0.164961167228107,0.1506212495829526,grey
RPS8,0.122916778567765,-0.2584328464526676,grey
RPS7,0.0060010648675441,-0.496957238952626,grey
RPS6,0.0564672489296162,-0.3799767549088902,grey
RPS5,0.748519593697895,-0.0796649758821214,grey
RPS4X,0.0012170930456394,-0.9218667403951448,grey
RPS3A,0.0005032663621887,-0.9946438465231058,grey
RPS3,0.0547045946970638,-0.2934368220978597,grey
RPS29,0.205421557242021,-0.1337894876023739,grey
RPS27L,0.0063991831434859,-0.4865753532613515,grey
RPS27,0.000556480146924,-1.0846028467003128,grey
RPS26,0.0167336519957431,-0.7355894473178826,grey
RPS25,0.162376377377371,0.1891814732233021,grey
RPS24,0.0024284536170326,-0.9414114650358394,grey
RUFY3,0.0048087645987454,0.5227452425852254,grey
RUVBL2,0.403819507866607,0.0859956589210151,grey
STAU1,0.631619022360476,-0.0511619447896497,grey
SCCPDH,0.025647633435911,-0.4617361541371374,grey
SDR39U1,0.0062680438564334,-0.5529648532604692,grey
SDHB,0.627172904326494,0.0470446833631265,grey
SDHA,0.319826329941074,-0.0655625261149021,grey
SDF4,0.585417838547981,-0.0518507626028532,grey
SDF2L1,0.014689672988027,-1.089765285501303,grey
SDF2,0.0035680656980613,-0.6166467403588319,grey
SCRN1,0.202825904002638,0.1670743057360678,grey
SCPEP1,0.534816074585884,-0.0565767789235963,grey
SCP2,0.104064868267651,-0.2027321684173546,grey
SCO2,0.106817689528916,-0.324075857063421,grey
SCML2,0.0158443013528095,-0.608887967777974,grey
SCG3,0.937472900090537,0.0682874020904845,grey
SCG2,0.19244792156195,0.1196162276862287,grey
SCARB2,0.0229114028032148,0.4003121778875723,grey
S100A10,0.0817017702880399,0.6062492608248535,grey
SCAMP1,0.0923806936860578,0.405851990802434,grey
SBF2,0.089898226158561,-0.4262431132468949,grey
SBF1,0.0209352465247544,0.3661394845229387,grey
SART1,0.170782867683537,-0.2152100309439903,grey
SARS2,0.393123531323529,0.1216783016725322,grey
SARS1,0.0167336519957431,-0.3820379136372799,grey
SARNP,0.0363469319961407,-0.2692658096333362,grey
SAMM50,0.108366676487639,0.2813148475783391,grey
SAMHD1,0.048279112351286,0.3645476737047562,grey
SAMD1,0.253519537039419,-0.092490372030832,grey
SAFB,0.267555958566179,0.2390909556556516,grey
SAE1,0.97143800975604,0.0225118177033431,grey
S100A11,0.0071547845775973,0.746111186576651,grey
RPS23,0.007324995751494,-0.5307457223126824,grey
RPS21,0.561874972576609,-0.234286773886351,grey
RPS20,0.30890760302177,-0.1173203069095189,grey
RPL17,0.0024284536170326,-0.7923251541659115,grey
RPL30,0.10045993311716,-0.2808878402361418,grey
RPL3,0.237620952673657,-0.4151281714243927,grey
RPL29,0.274062029250298,0.2520304856962279,grey
RPL28,0.127103182465718,-0.2716559211357257,grey
RPL27A,0.0039686412183941,-0.826899171938782,grey
RPL27,0.0180157605328329,-0.3234205046686784,grey
RPL26,0.0093078339017106,-0.8079173376085897,grey
RPL24,0.002301289556564,-0.785877580866466,grey
RPL23A,0.0116829084222025,-0.4168315162127376,grey
RPL23,0.0009276652891201,-0.898819381138646,grey
RPL22,0.0108429873449189,-0.4735614491088349,grey
RPL19,0.128862376768005,-0.3872867517193616,grey
RPL18,0.478398661129306,0.1179939665688228,grey
RPL14,0.0045798777030308,-0.8513765054475756,grey
RPS2,0.683894151080106,0.0404683708652837,grey
RPL13,0.0229114028032148,-0.3998895464303149,grey
RPL12,0.0047911446046486,-0.6868414944413681,grey
RPL11,0.0208381768679977,-0.4635667777419711,grey
RPL10A,0.10470256931442,-0.164498769030899,grey
RPL10,0.0023970981277597,-0.7890328418585952,grey
RPA2,0.113467333102645,-0.2019542907973104,grey
ROMO1,0.552495932737082,0.1915228545130662,grey
ROBO2,0.23462296203577,0.1862088866042964,grey
RO60,0.145177889413762,0.1473390721245576,grey
RNMT,0.0239107828922939,-0.3996997957238611,grey
RNH1,0.127103182465718,0.1808275549921733,grey
RNGTT,0.981427519797562,0.0109977778442873,grey
RNF126,0.960608624788204,0.0100906956038444,grey
RPL31,0.0064771192651244,-0.5404998438950948,grey
RPL34,0.230091961069399,-0.197339972019956,grey
RPL35,0.179526671340828,-0.1186011532083215,grey
RPL35A,0.0202518769307608,-0.4727949873228805,grey
RPS19BP1,0.133402430052703,-0.1723528018452013,grey
RPS19,0.244032154715904,-0.1185264135741709,grey
RPS18,0.106405776081507,-0.15853040010776,grey
RPS17,0.0368422775799815,-0.3859234716938307,grey
RPS16,0.0180357869332718,-0.3605283932069906,grey
RPS15A,0.0011126623056143,-1.0053498162362982,grey
RPS15,0.71315112695232,-0.1576073725866645,grey
RPS14,0.0009098940564496,-0.8297235144928585,grey
RPS13,0.0015642430583791,-0.8564437023393556,grey
RPS12,0.237797203237587,-0.1525281381160538,grey
RPS11,0.0018843004105075,-0.8757253782283656,grey
RPS10,0.830140265428434,-0.0261809401000077,grey
RPP38,0.0310320387796615,-0.262807226699614,grey
RPP30,0.680960360149019,-0.0318555658825878,grey
RPN2,0.084447254355518,0.2119451756012331,grey
RPN1,0.214264422282919,0.1182624350577609,grey
RPLP2,0.136182638205495,-0.3217694424367068,grey
RPLP1,0.0189602089534089,-0.5093368271689831,grey
RPLP0,0.0148692838625328,-0.5491905898769085,grey
RPL9,0.0023506823870781,-0.9201708846222278,grey
RPL8,0.176506367612741,0.1743744090750797,grey
RPL7A,0.153505084389286,-0.1552604658390612,grey
RPL7,0.389603517301099,0.0869283728857531,grey
RPL6,0.611467938223391,0.0760314151991893,grey
RPL5,0.870855925867077,0.014008491390009,grey
RPL38,0.0005069782334678,-1.063415648799091,grey
RPL37A,0.0076154859995402,-1.006139737241143,grey
SEC13,0.007890731675351,0.7641362715457001,grey
SEC22B,0.0221670116773839,-0.2760230600778461,grey
SEC23A,0.280238376004972,-0.1149098757230587,grey
SNRPE,0.0167336519957431,-0.3803781280419822,grey
SPOCK1,0.133402430052703,-0.2133541613489611,grey
SPG7,0.989852174657477,0.0255941462709874,grey
SPCS3,0.367812188371256,0.2687518900356595,grey
SPCS2,0.305712709105533,0.1191921862064903,grey
SPAST,0.0474121305123746,0.2900398678541041,grey
SORT1,0.322278245185869,0.0969132649791466,grey
SON,0.0417996120942906,-0.3970555241013355,grey
SOGA3,0.001037182035,0.8728299891020554,grey
SNX6,0.876196352056892,0.035715039594967,grey
SNX2,0.440592690135106,-0.1926650774704713,grey
SNW1,0.736096960787565,0.0874048245219197,grey
SNU13,0.0168806693516061,-0.5117061238625426,grey
SNRPF,0.648029277009264,-0.1584390916746914,grey
SNRPD3,0.530941740646296,0.0869477577840091,grey
SMIM26,0.66665443893715,-0.0417103975149221,grey
SNRPD2,0.0651275362341576,-0.2166107597826738,grey
SNRPD1,0.48492452543169,-0.1051874653460294,grey
SNRPC,0.607853680571821,-0.0468177401790376,grey
SNRPB2,0.0261428744608853,-0.3149914979944909,grey
SNRPA1,0.0080473257668835,-0.4864537042779666,grey
SNRNP70,0.23727037880899,-0.1481554674430695,grey
SNRNP40,0.0262395677934709,0.3625163989600153,grey
SNRNP27,0.0461681902573675,-0.3015239944067779,grey
SNRNP200,0.0372153120354029,0.2516600134838654,grey
SND1,0.54791251448379,-0.0715389524280686,grey
SNCG,0.813288420190342,0.0317347361044091,grey
SNAP25,0.275145019162526,0.1550177385175403,grey
SMNDC1,0.450870217257875,-0.1408927662872559,grey
SPOCK2,0.0494102574565853,-0.2949076097646283,grey
SPTAN1,0.0028884303261364,0.7242032739810527,grey
SPTBN1,0.0018843004105075,0.7540332696978982,grey
SPTBN2,0.010885907572334,0.4104210590572038,grey
SSRP1,0.824446337564333,-0.0242180049857184,grey
SSR4,0.379982989650941,0.1514011914093826,grey
SSBP1,0.831035148297509,-0.0204576017870461,grey
SRSF9,0.911705072750077,-0.0451324815937957,grey
SRSF7,0.707829479593925,0.1859954361202631,grey
SRSF6,0.547601713173797,0.3676357770888482,grey
SRSF5,0.439542834827266,-0.2059689000148607,grey
SRSF3,0.0158443013528095,-0.5267732883353591,grey
SRSF2,0.6547451945281,-0.2257681089271823,grey
SRSF1,0.870855925867077,-0.1522589888597709,grey
SRRT,0.0683129770032413,-0.2455697652991826,grey
SRRM2,0.0105852270829879,-0.4778362841888637,grey
SRRM1,0.563380797139696,-0.1099640863391581,grey
SRR,0.0331123250852259,0.5202831593387494,grey
SRPRB,0.0085080034575418,-0.5129766309104484,grey
SRPRA,0.160435677444561,-0.2111299777202606,grey
SRPK1,0.451329431499776,0.5051420646841344,grey
SRP9,0.679345499064815,0.0450081779294463,grey
SRP72,0.551594705101456,0.0539241459621335,grey
SRP68,0.427984720751082,0.1243453667772156,grey
SRP54,0.143633319192364,-0.257646215866361,grey
SRP19,0.0221670116773839,-0.3561980614409459,grey
SRP14,0.0417996120942906,-0.2720640696288469,grey
SRM,0.202366948246458,-0.1332088522730531,grey
SRI,0.105371976681487,0.2652736259092942,grey
SREK1,0.793878791463947,-0.3037963992386021,grey
SRCIN1,0.0060136562570895,1.0104313546765231,grey
SMN1,0.0471310540776071,0.6796618494517798,grey
SMC3,0.156681134435295,0.1544501884106885,grey
SEC23IP,0.688095988786211,-0.0084702428761696,grey
SF1,0.0700205953026108,-0.2213642897769416,grey
SFXN3,0.0553723094806621,0.3064615303134118,grey
SFXN1,0.160072663578515,0.1702421376375107,grey
SFRP1,0.000266549022056,-1.3327670417695288,grey
SFPQ,0.911705072750077,0.004541400425684,grey
SF3B6,0.964609348458621,-0.0425110897763623,grey
SF3B5,0.340230448509383,-0.0763695305315714,grey
SF3B4,0.478620090668089,-0.0590901389603117,grey
SF3B3,0.413429748190345,-0.0467564878906666,grey
SF3B2,0.0699006932444741,-0.2129289188207025,grey
SF3B1,0.247133525789535,-0.0912631658773237,grey
SF3A3,0.210118962717698,-0.1455145283370747,grey
SF3A2,0.419557032954192,-0.0767770137687789,grey
SF3A1,0.237639367646348,0.1129279947242111,grey
SEZ6L,0.366448721714704,0.5845384307626988,grey
SMC1A,0.0375596815694096,0.2156262711153393,grey
SETD1A,0.0857903078857234,-0.3271488063936752,grey
SET,0.189127004770467,0.4297149928844749,grey
SERPINH1,0.0264166961901292,-0.2882694373107136,grey
SERAC1,0.0379955175842606,-0.3086873099762951,grey
SEPTIN9,0.0876148393410124,-0.2340940503651371,grey
SEPTIN7,0.287610351460813,-0.1190494352838675,grey
SEPTIN6,0.682358512064969,-0.0357476037340485,grey
SEPTIN3,0.0959589530423144,-0.191934565492453,grey
SEPTIN2,0.180481436368912,-0.1931631060798426,grey
SEPTIN11,0.97005454495751,-0.0254943592645173,grey
SELENOT,0.28240639928598,0.1483523413261554,grey
SELENOH,0.445426283679108,-0.1498722151068967,grey
SEC61B,0.223266551935888,-0.149038288791592,grey
SGPL1,0.802557280635807,-0.003259085203014,grey
SH3GL1,0.0114879498731808,0.6095549524055688,grey
SH3GLB2,0.0271565443963509,0.4000565013420928,grey
SH3PXD2B,0.0140449234112151,0.6148233613071763,grey
SMARCB1,0.645740858586576,0.2696394144301259,grey
SMARCA5,0.473304260340001,-0.0967502936941584,grey
SMARCA1,0.374636518052028,0.265300117818479,grey
SMAP2,0.629682538609362,0.0285737090150443,grey
SLX9,0.0851032612210713,-0.2948791565411041,grey
SLK,0.108140135901528,0.162413436281709,grey
SLIT2,0.919140934483332,-0.0192885817170949,grey
SLIT1,0.014689672988027,-0.5095657010420639,grey
SLIRP,0.0501378181957166,-0.3648868669390852,grey
SLC4A8,0.475418724155843,-0.0551847932871188,grey
SLC27A4,0.392316171928605,-0.071119566798476,grey
SLC25A6,0.871554052845977,0.0415644814130602,grey
SLC25A5,0.0206954361076046,-0.4522906571265817,grey
SLC25A4,0.891350336959406,0.0324223206833097,grey
SLC25A33,0.658580011941847,-0.1216789034135499,grey
SLC25A3,0.070251036031567,0.2715476205680183,grey
SLC25A24,0.816862222081946,-0.0061727281864631,grey
SLC25A22,0.0713214729212935,-0.2684888318144807,grey
SLC25A20,0.359550536498089,-0.1125504234936725,grey
SLC25A13,0.055603664776287,0.2218615347852919,grey
SLC25A12,0.659336212982371,0.0260418914992154,grey
SLC25A11,0.214793610867101,-0.2590080538624442,grey
SLC25A10,0.394539756340659,-0.1138234123677785,grey
SLC25A1,0.0263754216161955,-0.429777550519498,grey
SKP1,0.0382027601560516,0.3018293027626918,grey
SIPA1L2,0.792150767698626,0.045149877355288,grey
SHMT2,0.309492853356966,-0.1329044026198488,grey
MRPL57,0.798647817908305,-0.0129553476723238,grey
MRPS7,0.0623355159854774,-0.2735702019171453,grey
MRPL53,0.17397679425894,-0.3600028493172854,grey
COX5A,0.0239107828922939,0.2886571868985723,grey
CPSF2,0.51964370766715,0.1580844822871768,grey
CPSF1,0.0291259693933851,0.2393690389922628,grey
CPNE3,0.0077275129941,-0.5232875692408581,grey
CPNE1,0.601627512841208,-0.1377090230138395,grey
CPLX2,0.0328202012047614,0.3272089449987868,grey
CPEB4,0.193772579448795,0.1736333448902585,grey
CPEB2,0.110532561871423,0.1486117786612387,grey
CPE,0.931079536235034,0.0403079973348072,grey
COX7A2L,0.0353941982855513,0.5221117965302916,grey
COX7A2,0.0288000629841586,0.2945868435643434,grey
COX6C,0.0701294633241428,0.1780704428674689,grey
COX6B1,0.629990011634884,-0.068465503391015,grey
COX5B,0.288159877711315,0.1347410045248667,grey
COX4I1,0.030337495385812,0.2590925984185499,grey
CPSF6,0.0353836214096856,-0.2980352028882116,grey
COX20,0.0295913100288906,-0.2971853668894071,grey
COX16,0.160792874490921,-0.1791590709914134,grey
COTL1,0.0235184155546431,-0.4711540327174465,grey
CORO7,0.0353883899335035,0.2809330830172009,grey
CORO1C,0.674667204447292,0.0718766819269915,grey
COQ8A,0.175138563058518,-0.2288687588084665,grey
COQ5,0.984632052603102,-0.0385571555144071,grey
COQ10B,0.346810812357957,0.0688103735250613,grey
COQ10A,0.23956770628034,-0.3447410285824772,grey
COPZ1,0.0112600458732014,0.8436156347482149,grey
COPS8,0.398437205788682,0.6385835183240759,grey
COPS2,0.215945653948736,0.3866837068802899,grey
COPG2,0.188581409845,0.6492678024085788,grey
CPSF3,0.0105852270829879,0.4372730993254966,grey
CPSF7,0.0265909053254264,-0.3556674439488867,grey
CCT7,0.315173545262137,0.084410147058415,grey
CSNK2A2,0.0744936402409493,0.2899349639579804,grey
CTSL,0.0062680438564334,-1.0326093523943811,grey
CTSD,0.549250076141779,-0.0781160950808514,grey
CTSC,0.397765113142633,-0.1963551850436787,grey
CTSB,0.395572145935249,0.1425414193937655,grey
CTPS2,0.522292419773906,0.0526995050367618,grey
CTPS1,0.625853077312276,-0.0309781943546406,grey
CTNND1,0.175692882950998,-0.1247878154562169,grey
CTNNB1,0.0635682971669816,0.4303298537066983,grey
CTNNA2,0.303996264401013,0.3346405963386149,grey
CTBP2,0.0089141092792293,-0.7066135672064444,grey
CTBP1,0.0617188077424994,-0.1915190245023672,grey
CSTB,0.0206088083823032,0.3437873454492501,grey
CSNK2B,0.44129125020068,0.1417791618492104,grey
CSNK2A1,0.176506367612741,0.2382387992798031,grey
CPT2,0.665951495805136,-0.1091692160748601,grey
CSNK1E,0.614736447488268,-0.0428069843474853,grey
CSNK1A1,0.948791736778939,0.0647732551987035,grey
CSK,0.0359365244831258,-0.2614604799324844,grey
CSE1L,0.136182638205495,0.3048763293916691,grey
CSDE1,0.669719000653249,0.0295092998642405,grey
CS,0.510444349220529,0.1276011923709893,grey
CRMP1,0.157248074447943,-0.1731475877624527,grey
CRKL,0.0516421305814838,0.3925494856951012,grey
CRBN,0.136805252758465,-0.1992897627590533,grey
CRAT,0.0959703107017028,-0.6308876805033322,grey
CRABP2,0.429096252706534,0.0795981384465222,grey
CRABP1,0.0795363817502814,0.2999402479094291,grey
CPVL,0.0011126623056143,0.8356689038028275,grey
COPG1,0.0017560962151299,0.9486786863176588,grey
COPE,0.0089141092792293,1.0761072092461008,grey
COPB2,0.0061340251557958,0.8347968196246558,grey
CELSR3,0.0923806936860578,-0.1655993528946102,grey
CHTOP,0.181297466595768,-0.1643618824330879,grey
CHGA,0.303996264401013,-0.111932597155916,grey
CHERP,0.163885992269675,-0.2309035507230422,grey
CHD7,0.0121155086852931,-0.3384027927659201,grey
CHD4,0.194730443305093,-0.1570033701663337,grey
CHD1L,0.0762326121322434,0.2901167325502714,grey
CHCHD3,0.0361392069405881,0.2834351967418639,grey
CHCHD1,0.0658172499446367,-0.3575548806371399,grey
CFL2,0.0813697925546733,0.3085178501214244,grey
CFL1,0.0076113672842858,-0.4473267302917235,grey
CFAP20,0.893254149747185,0.0526630158092511,grey
CEP170,0.212955013054252,-0.1215577395160887,grey
CEND1,0.277690233190522,0.4465010914079991,grey
CELF4,0.919140934483332,0.0516931609041112,grey
COPB1,0.002301289556564,0.90322687293695,grey
CELF3,0.183127306764232,-0.171675025878589,grey
CELF2,0.0089758783887272,-0.3956792851800005,grey
CELF1,0.022602037494193,-0.3220512856368679,grey
CDK5RAP1,0.867634000419736,-0.0170568157584845,grey
CDK5,0.028128924369126,0.3134092810384112,grey
CDK17,0.160435677444561,-0.4449457934548551,grey
CDK14,0.0447284559436621,0.3032532403858386,grey
CDH2,0.820356486478222,-0.0217576589816808,grey
CDC73,0.823638679500019,0.0603899629830901,grey
CDC42EP4,0.607853680571821,0.0649928584318636,grey
CDC42,0.0048087645987454,-0.5998428494059005,grey
CDC37,0.359895140351026,0.1442738081802132,grey
CD47,0.0365575886594051,0.3879772882050313,grey
CIAO2B,0.0125728253133929,0.5162311488461016,grey
CIAPIN1,0.858985528469106,0.0112360020524401,grey
CIRBP,0.0356350697821367,-0.4471232103149457,grey
CISD1,0.259301356792019,-0.1090486845210401,grey
COPA,0.0012406087931607,1.0021185570463838,grey
COMT,0.0154573556211687,1.08966935700058,grey
COMMD2,0.0158443013528095,0.5036572069265384,grey
COA3,0.144800296112115,-0.2645740078549595,grey
CNTNAP1,0.96359867409192,0.0305996408512702,grey
CNTN1,0.45968323597646,-0.0981602835396201,grey
CNTFR,0.881427760436753,-0.0007260954278687,grey
CNRIP1,0.176506367612741,0.1568601592501438,grey
CNP,0.0124099604398204,-0.3473024431625398,grey
CNN3,0.013915626216246,-0.4805646252680366,grey
CNDP2,0.0700124716181681,-0.1918065869057834,grey
CMSS1,0.423843098768751,0.1255671105242406,grey
CMPK1,0.391741695825822,0.0782096247578041,grey
CMAS,0.718720103081542,-0.0651186991886719,grey
CLPX,0.0630703734187911,-0.1961496878529458,grey
CLPTM1,0.96359867409192,-0.0660613305795219,grey
CLPP,0.105371976681487,-0.2051430064838275,grey
CLPB,0.101062681711478,-0.1707505583526045,grey
CLN5,0.247587631805176,0.2436492245723858,grey
CLIC4,0.467048304227117,0.2337984183397617,grey
CLIC1,0.010740918629027,0.3910388424078451,grey
CLASP2,0.175692882950998,0.2550216604891313,grey
CKMT1A,0.14283971663975,0.1585008066867302,grey
CKB,0.563619872685216,0.0355692647892749,grey
CKAP5,0.387199300046124,0.0636235693453135,grey
CKAP4,0.237797203237587,0.0988320658628761,grey
CISD2,0.069633147953842,-0.3768413153713275,grey
CTTN,0.0171932274982005,-0.3418553826609226,grey
CUL2,0.216223306254988,0.2157496417447964,grey
CUL3,0.248771698152119,0.1086496980602408,grey
DNAJB1,0.140472356623035,0.1657091184417783,grey
DNM1L,0.100630287198881,0.2458145600107184,grey
DNM1,0.0006088086108347,1.021844346739765,grey
DNAJC7,0.0294919275495391,0.2821571280636705,grey
DNAJC6,0.0140105957118072,0.5118547855072708,grey
DNAJC3,0.802346537450914,0.0612999172897963,grey
DNAJC19,0.0472798863138079,-0.2297333714242865,grey
DNAJC12,0.0553723094806621,0.2401699458609676,grey
DNAJB9,0.0273868525453783,-0.2633296680927339,grey
DNAJB6,0.528898328786514,-0.1365737160387813,grey
DNAJB5,0.298233630975772,-0.1033477388181935,grey
DNAJB4,0.629231738269221,0.0349414845035708,grey
DNAJB2,0.986110495843834,-0.0164016652349508,grey
DNAJB11,0.0032694927641367,-0.6079434704982577,grey
DNAJA3,0.0736876672733399,-0.1841879093385229,grey
DHX9,0.0795363817502814,-0.2637506036132535,grey
DNAJA2,0.0550693790874911,-0.1891757651173772,grey
DNAJA1,0.280181295197013,-0.1002566612467906,grey
DMXL2,0.521079389394346,0.0864475452222869,grey
DMAC2,0.229297471626895,0.1228295800771888,grey
DLST,0.0449459118776132,0.3161027437379206,grey
DLG4,0.669152778109836,0.1252543484179971,grey
DLD,0.513742500969998,0.0557816031799603,grey
DLAT,0.374636518052028,0.1253040277275111,grey
DKC1,0.05613397040835,-0.2459873262514233,grey
DIS3,0.870855925867077,0.0403970390439465,grey
DIRAS2,0.539861889017805,-0.1091814977983081,grey
DIRAS1,0.0045712183720823,-0.5820557594063176,grey
DIMT1,0.0135434132807498,-0.4736350182214854,grey
DNM2,0.105390017755958,0.1453538060663469,grey
DNMT3A,0.0711772347329103,0.4290110777666909,grey
DOCK7,0.0166160676516668,0.9371568144361984,grey
DPM1,0.717897007141938,-0.0125776333264518,grey
ECHS1,0.010740918629027,-0.4307686705435893,grey
ECHDC1,0.105975303776139,-0.1846199331594143,grey
EBNA1BP2,0.0037752105850153,0.6340554526220409,grey
EBF3,0.0071547845775973,-0.6479429763955644,grey
EBF1,0.0159029593555237,-0.3990197728698236,grey
EARS2,0.909089564529838,0.0453587481999383,grey
DYNLT1,0.152091434992639,-0.3628078340446886,grey
DYNLRB1,0.103668980079335,-0.2479856369040111,grey
DYNLL1,0.0213318989834539,0.3309644560249806,grey
DYNC2LI1,0.0713214729212935,0.2322679391549147,grey
DYNC1LI2,0.706143496936583,0.0060604969823961,grey
DYNC1LI1,0.692615922299522,0.0673919130892832,grey
DYNC1I2,0.539568287374564,0.0490151517851848,grey
DYNC1H1,0.0401192131371408,0.259388254688647,grey
DUSP3,0.027302428762388,0.3666093028576865,grey
DUSP23,0.0069058380623386,0.6530258654975478,grey
DUSP12,0.0673761861013306,-0.2808461179905263,grey
DUSP11,0.0086546505171522,-0.6024576899211092,grey
DUS3L,0.011915977411553,0.8158422439646438,grey
DTYMK,0.823638679500019,0.0116641592174864,grey
MRPL48,0.265895076388094,0.251398202096174,grey
DSP,0.988343754810502,-0.9959894364016822,grey
DSG1,0.177446868410177,0.9323653567319908,grey
DPYSL5,0.312088953141356,-0.0854100223439299,grey
DPYSL4,0.18850031003714,-0.1874596797773793,grey
DPYSL3,0.458984846764327,-0.0791834143161216,grey
DPYSL2,0.781994367049961,-0.0270836175984689,grey
DIABLO,0.256463017752192,-0.3376406796945682,grey
DHX35,0.0658683678797346,0.4463423038147227,grey
CUL5,0.995220780609361,-0.0037951379336486,grey
DAZAP1,0.011129884298841,-0.4055494648187841,grey
DCX,0.499953289782648,0.0610166774778276,grey
DCTN5,0.0607880358621722,-0.4229421447084854,grey
DCTN4,0.0061816517157318,0.5386219514305297,grey
DCTN3,0.0911346474901198,0.5505132916769432,grey
DCTN2,0.052322168218328,0.5905377198428226,grey
DCTN1,0.113467333102645,0.1716440377696716,grey
DCP1B,0.707829479593925,-0.0771317726456248,grey
DCP1A,0.528931066045113,-0.1327353953620921,grey
DCLK2,0.241397731477908,-0.1917394570211818,grey
DCLK1,0.0684535224247428,-0.2713341381630904,grey
DCAKD,0.0703449786053058,-0.2361864194564688,grey
DCAF7,0.286168861134159,0.1632366800758107,grey
DBN1,0.364235893860861,-0.0855206764037485,grey
DARS2,0.928952616748088,-0.0048261890846835,grey
DHX30,0.525378229638788,0.1088051329363797,grey
DARS1,0.0449459118776132,-0.5638543418566931,grey
DAPK1,0.194596538141527,0.3233392501655934,grey
DACH1,0.891451117872872,-0.0040246882069947,grey
CYP51A1,0.854324650596551,-0.0029602733476774,grey
CYC1,0.0064771192651244,0.9477046854527722,grey
CYBC1,0.931079536235034,-0.1442869919623356,grey
CYB5R3,0.108629906661337,-0.1464077828072121,grey
CYB5R1,0.129173171105784,-0.1296333118790238,grey
CYB5B,0.0077432141804441,-0.5033315591946594,grey
CYB5A,0.0662596148715262,-0.3885772464041546,grey
CXXC5,0.0338533942148103,-0.2249534174329479,grey
CXADR,0.0746648109033925,0.2781687957753952,grey
CUTA,0.145482363746398,0.4164113892214274,grey
DCXR,0.0118608735958738,-0.480211929882451,grey
DDAH2,0.052002550399901,0.3127305004937543,grey
DDB1,0.0164227831740703,0.4432826581941557,grey
DDOST,0.949326195966255,-0.0333256263553096,grey
DHX15,0.0170572412032318,0.3566094302016366,grey
DHRS7B,0.435631986998884,-0.1614834563167297,grey
DHRS7,0.0445794189213462,0.2751954898948587,grey
DHRS4,0.75088577878162,0.0942803567102066,grey
DHRS1,0.313599500421654,-0.1054816261352432,grey
DHCR24,0.707829479593925,-0.014900826712733,grey
DERA,0.215531000876482,-0.1361969954554312,grey
DEK,0.676880237971589,-0.0541537801806339,grey
DECR2,0.226342639659534,-0.2345214676570476,grey
DECR1,0.089898226158561,-0.2661542753453693,grey
DDX6,0.3462991884298,-0.1071578051863627,grey
DDX5,0.010885907572334,-0.3997779545223693,grey
DDX49,0.20976827291729,-0.205502700917858,grey
DDX47,0.519420106580621,-0.0454081121227579,grey
DDX46,0.483154660966069,-0.15594959407445,grey
DDX42,0.0063249446565656,-0.5195376682098892,grey
DDX41,0.431186411840387,0.0901435903269318,grey
DDX3X,0.068111977312272,0.1960716050651652,grey
DDX39B,0.0061340251557958,-0.4990661781865096,grey
DDX39A,0.0338533942148103,-0.4689015837077076,grey
DDX27,0.0135434132807498,0.3545452803703688,grey
DDX23,0.427628782310552,-0.0779180762239405,grey
DDX19B,0.214793610867101,0.1884174501302551,grey
DDX19A,0.267561318807942,-0.1362889033799911,grey
DDX18,0.278288061147818,-0.2005196711438119,grey
DDX17,0.560177534284811,-0.0530447592089741,grey
DDX1,0.247587631805176,-0.1354909525673894,grey
CCT8,0.0471310540776071,0.2588570352321515,grey
CCT6A,0.715587008972329,0.0185934258408205,grey
ECI2,0.048279112351286,-0.3554215951251363,grey
ALDH4A1,0.0061340251557958,-0.6084664227151965,grey
AP1M1,0.0874935281159102,0.2676637441380225,grey
AP1B1,0.0062680438564334,1.1563950295380616,grey
ANXA2,0.955559559282482,-0.0398852738477104,grey
ANP32B,0.692615922299522,0.0740255275526577,grey
ANP32A,0.680652510709108,0.052680392722635,grey
ANKRD17,0.929595312421107,-0.0088979690368932,grey
ANKHD1,0.763715265499154,0.0313601518774443,grey
ANKFY1,0.693876559853017,-0.082785957109086,grey
ANK2,0.142538014933159,0.219283592288685,grey
ALYREF,0.684655972044433,-0.0429467801723389,grey
ALDOA,0.0586738473280748,0.4383254455951123,grey
ALDH7A1,0.85613841296859,-0.0018893022678239,grey
ALDH6A1,0.0275368834838473,-0.2573669158730323,grey
ALDH3A2,0.415726697722596,-0.1611026595548019,grey
AP3B1,0.31266149755074,0.1050666921253154,grey
ALDH2,0.0221670116773839,-0.3463127241538349,grey
ALDH1B1,0.0841588412872688,-0.1762524226749983,grey
ALDH18A1,0.0359365244831258,-0.2762491728912323,grey
ALCAM,0.0124775763047535,0.4155079885586696,grey
ALB,0.083601242368585,0.3276113167367347,grey
AKAP8L,0.391188522160223,-0.0720011586491917,grey
AKAP10,0.28788136978973,0.8175187964729829,grey
AK4,0.582954312421943,-0.0555027160476972,grey
AK1,0.423195231737499,0.0761920476961976,grey
AIP,0.111304989082588,0.146787972182371,grey
AIMP1,0.0756110029971039,0.2402720741849089,grey
AIFM1,0.0536657354121417,-0.2996013333877413,grey
AHSA1,0.140472356623035,0.2138588062111215,grey
AP1S2,0.0171932274982005,0.5435125242662483,grey
AP3B2,0.3462991884298,-0.1218794011244434,grey
CCT5,0.153326294386446,-0.1225036561319501,grey
ARCN1,0.0077275129941,0.5849698622889914,grey
ARL3,0.861310724254513,0.0186867797632653,grey
ARL2,0.0064771192651244,-0.8641263025916437,grey
ARL10,0.923252343633112,0.066009242305466,grey
ARL1,0.0842982484867168,-0.1951141750605555,grey
ARID3B,0.902541381139937,0.0401461285215436,grey
ARID3A,0.0928339711616954,0.1589228100166469,grey
ARHGEF40,0.442142053821959,-0.1449175436166208,grey
ARHGDIA,0.919140934483332,-0.0139150509806584,grey
ARGLU1,0.962698502124344,-0.2011055487195605,grey
ARFGAP2,0.692615922299522,-0.0586824117621657,grey
ARF6,0.0573563115496094,-0.5299755114536948,grey
ARF5,0.0063249446565656,-0.7317677632997779,grey
ARF4,0.478586030905805,-0.1336822719918968,grey
APRT,0.384163467397205,-0.1735929609877483,grey
AP3D1,0.392316171928605,0.1901913973662068,grey
APPL1,0.145898041629855,-0.1366340101800795,grey
APP,0.95328227826609,-0.0499278237719193,grey
APOOL,0.65659233719506,-0.1106471215176156,grey
APOO,0.0702187144938977,0.2302049605893603,grey
APMAP,0.136818665641957,-0.1776109450122888,grey
APLP2,0.0653119074176129,-0.2483755104086045,grey
APLP1,0.0071547845775973,-0.4771924884010579,grey
API5,0.918618219175974,-0.0012783769863819,grey
AP4S1,0.162553781947265,0.201252444215276,grey
AP3S2,0.014302131315614,0.4220173622422737,grey
AP3S1,0.892572838994227,0.0276888356613857,grey
AP3M2,0.850937761606394,-0.0761307266170654,grey
AP3M1,0.552495932737082,0.1079692435978807,grey
AHDC1,0.620507567311015,0.0563321513771871,grey
AHCY,0.147572889402272,0.1222848448321837,grey
AGTPBP1,0.521315055864096,0.071885586730481,grey
ACAD10,0.281148797482074,-0.2720566396084484,grey
ACOT9,0.0471310540776071,-0.320817286601277,grey
ACOT8,0.0651275362341576,-0.3754469246922949,grey
ACOT7,0.0699006932444741,-0.3005998645644677,grey
ACOT13,0.0539772236828245,-0.3027185755520003,grey
ACO2,0.0105852270829879,-0.389834413860886,grey
ACLY,0.0185983966524702,0.4421102103522143,grey
ACAT2,0.223266551935888,0.1720484277023643,grey
ACAT1,0.0711772347329103,-0.2802689116015008,grey
ACADVL,0.214264422282919,0.1924973030094013,grey
ACADSB,0.0811797110161744,-0.3472471798299106,grey
ACADM,0.0959589530423144,-0.2742088040190647,grey
ACAD9,0.0359365244831258,0.3260642116725662,grey
ACAD8,0.439542834827266,0.1923172651959923,grey
ACACA,0.0024284536170326,0.6564879688868008,grey
AGPS,0.0154960923346837,-0.3836823470735159,grey
ACAA2,0.0322330334969796,-0.3698361048580385,grey
ACAA1,0.0305140401532242,-0.3229306078116977,grey
ABR,0.0722603371891752,0.1848705813383725,grey
ABI2,0.150409757161816,0.2611679278257783,grey
ABHD16A,0.614736447488268,-0.0038030916620411,grey
ABHD14B,0.0061816517157318,0.7581329517759081,grey
ABCF3,0.120894714980781,-0.4189193622778629,grey
ABCF2,0.0459270182142345,-0.2712322427201188,grey
ABCF1,0.0071547845775973,-0.4704218298031558,grey
ABCD3,0.491528382243258,-0.213454112228033,grey
ABCA3,0.278523938990517,-0.084321485196906,grey
AASS,0.0364456811434336,0.2801454833747172,grey
AASDHPPT,0.41571267528122,0.1232840247354677,grey
ACP1,0.014689672988027,0.3676763764865889,grey
ACSL1,0.405039728440347,0.0993467429708803,grey
ACSL3,0.0673761861013306,-0.212179994922519,grey
ACSL4,0.0640053769411775,-0.3195608339071712,grey
AGPAT4,0.495971318260879,0.1192503739038878,grey
AGPAT2,0.0362905894424612,-0.4074301529271589,grey
AGPAT1,0.0606447286072957,-0.2304593584330273,grey
AGK,0.887021031988558,-0.0112052067143755,grey
AGFG1,0.485698497031035,0.0513826671098196,grey
AFG3L2,0.0718148739051264,-0.1864756660639435,grey
AFG1L,0.207477103350193,-0.1695064010586306,grey
AFF4,0.0651275362341576,-0.4252762651941146,grey
AFAP1,0.0180453394832109,-0.5308262529460439,grey
ADRM1,0.948791736778939,-0.017257965044288,grey
ADPRHL1,0.0795363817502814,0.5266620928100032,grey
ADO,0.0330411661015816,0.2579082068521759,grey
ADNP,0.010740918629027,-0.3738631731521897,grey
ADH5,0.241397731477908,-0.2519086415885532,grey
ADD2,0.794206469467115,0.0206409007925747,grey
ADD1,0.87482757126221,0.035240940771786,grey
ADAR,0.0301798774760998,-0.2517334101095404,grey
ACTR3,0.0103445379327924,-0.371483583949435,grey
ACTR2,0.15402009006542,0.1204748413771348,grey
ACTR1A,0.0213318989834539,-0.429619410528593,grey
ACTR10,0.217326351328949,0.2921483229453843,grey
ACTL6B,0.117672260047107,-0.2057083684880662,grey
ACTL6A,0.01272085026462,0.3936780503299328,grey
ACTG1,0.0035916917377313,-1.1096036940530187,grey
ACTBL2,0.534816074585884,0.0783568420334475,grey
ACTB,0.0058846545746487,-0.7746855040453753,grey
ACTA1,0.310846089595017,-0.4611374278362876,grey
ARL4A,0.870855925867077,0.0204539974371676,grey
ARL4C,0.0080321891725198,-0.4201181865994512,grey
ARL4D,0.0103445379327924,-0.4716904149986575,grey
BZW2,0.0473257896905079,0.2215118024182759,grey
CAMKV,0.0265909053254264,-0.2962230272612953,grey
CAMK2G,0.207719059692684,0.3083387984295393,grey
CAMK2D,0.0154573556211687,0.6844752353913108,grey
CALU,0.120894714980781,-0.2698933623458555,grey
CALR,0.440592690135106,-0.1625179736716656,grey
CALML5,0.0658172499446367,0.6861589407580946,grey
CADPS,0.967430792833961,-0.0217269192307435,grey
CAD,0.0064771192651244,0.6421347607984251,grey
CACYBP,0.222264782151414,-0.2011149090294582,grey
CACNA2D1,0.96415238895845,-0.0023261565003816,grey
C2CD5,0.0718148739051264,0.2374467311248713,grey
C1QBP,0.966167691510135,-0.0168714488766858,grey
C15orf40,0.0110849131212706,0.4205925215500458,grey
BUD31,0.0583550967777943,-0.340444913577146,grey
BCLAF1,0.549659598957544,-0.0781220701939422,grey
BUD13,0.0317111423141597,-0.5179084956344487,grey
BUB3,0.510326084066615,-0.0745203949145154,grey
BTF3,0.780338330187353,0.1739797868056732,grey
BSG,0.070251036031567,0.1915441406544339,grey
BRD2,0.0034567468083507,-0.5503418018343871,grey
BPHL,0.1693421882861,-0.4937219531111293,grey
BOP1,0.813288420190342,-0.666354572859319,grey
BOLA2,0.0140449234112151,0.3382868886741889,grey
BMERB1,0.0494102574565853,-0.6257606244557374,grey
BLVRA,0.223815103654552,-0.1766485944111706,grey
BLTP3B,0.964609348458621,-0.1523474961512661,grey
BLMH,0.308453409864844,0.1066534463168861,grey
BDH1,0.222264782151414,-0.1995646611826514,grey
CAMSAP3,0.0008678033201834,-0.8896196787062374,grey
CAND1,0.0923806936860578,0.2310644608701468,grey
CANX,0.084866891540894,0.2768231113636559,grey
CAP1,0.0265909053254264,0.2572409738868323,grey
CCT4,0.521315055864096,-0.0470520038739859,grey
CCT3,0.563069195675166,-0.0312903612090962,grey
CCT2,0.0733570350688415,0.2158606612616259,grey
CCS,0.100858393375117,0.2446959373892829,grey
CCP110,0.832322481305943,0.0348975985126653,grey
CCM2,0.106817689528916,0.1542573918837924,grey
CCDC88A,0.0353883899335035,-0.2989795355302719,grey
CCDC86,0.168790716356386,-0.2350299427764145,grey
CCDC47,0.378926230855173,-0.0599503521201446,grey
CCAR2,0.0243365250513085,0.2782616269284159,grey
CCAR1,0.964609348458621,0.0653834322958965,grey
CBX5,0.0954449159742699,-0.2155010184703256,grey
CBX3,0.540892365382538,-0.0929221553305821,grey
CBX1,0.183786638446008,-0.2864045385085549,grey
CBR4,0.0379955175842606,-0.4107988885816722,grey
CBR1,0.098165678728573,0.1718967223659343,grey
CBLN1,0.17397679425894,0.3300898057838098,grey
CASP3,0.394539756340659,0.1334612751574916,grey
CASK,0.0820974269336922,-0.2245133598330309,grey
CARM1,0.995984635552438,-0.0142430388117376,grey
CARHSP1,0.638580018503094,-0.0838684022316336,grey
CAPZB,0.0167336519957431,0.3488851652009998,grey
CAPZA2,0.677428934746181,-0.0574835674271275,grey
CAPZA1,0.579649474900142,0.0348797099288743,grey
CAPRIN1,0.0112477526006487,0.467657082696275,grey
CAPNS1,0.662653816045377,-0.0281572954863844,grey
CAPN1,0.895156883582646,-0.0120154171960406,grey
BCS1L,0.0540773739213971,-0.2794301587669815,grey
BCKDHA,0.918284205756576,0.0159385859605284,grey
ARL6IP4,0.43211838561484,0.1273806836831613,grey
ATAD3A,0.0105852270829879,0.4341470530626299,grey
ATP5F1D,0.103210209015867,0.3338493669954112,grey
ATP5F1C,0.010885907572334,-0.8540993645260794,grey
ATP5F1B,0.319191957131357,0.1224629473261461,grey
ATP5F1A,0.0113187791315916,-0.3497501330511804,grey
ATP2C1,0.92823580399048,0.0075591859928658,grey
ATP2B1,0.0284748142757035,0.4832789874200953,grey
ATP2A2,0.0130468854445531,0.5060574039717979,grey
ATP1B1,0.166951115246277,0.2284277724766212,grey
ATP1A3,0.573592684325346,0.0890734654175117,grey
ATP1A1,0.0130468854445531,0.7668344628584142,grey
ATP13A1,0.595060219870744,0.126981598382667,grey
ATAT1,0.010740918629027,0.3917571320214442,grey
ATAD3B,0.181297466595768,0.1397779527568927,grey
ATAD1,0.95328227826609,0.0282927507445488,grey
BCCIP,0.0064771192651244,0.5511299563641603,grey
ASS1,0.0014411882200575,0.8727059883664022,grey
ASMTL,0.0524105750063278,-0.20199552445108,grey
ASAH1,0.46411809078617,-0.0560017512145676,grey
ARPC5,0.335163158497795,-0.1723869640463043,grey
ARPC4,0.174579454660173,-0.1772234272424249,grey
ARPC3,0.236956711475747,-0.1397333597515138,grey
ARPC2,0.0623355159854774,-0.2405374049898677,grey
ARPC1A,0.337770459955348,-0.2773458465817034,grey
ARMCX3,0.345085105996652,0.0831082147026541,grey
ARMC10,0.320059082791715,-0.1873157721496111,grey
ARL8B,0.165624081397158,-0.2986932803908294,grey
ARL8A,0.0656285998739635,-0.2035826324881829,grey
ARL6IP5,0.47596896745956,-0.0761531073545897,grey
ATP5ME,0.0555550280233734,0.2214673491797287,grey
ATP5MF,0.122722318298965,0.2065927658116744,grey
ATP5MG,0.177446868410177,0.4084984603102191,grey
ATP5MK,0.95962870691471,0.0675452503475713,grey
BCAT1,0.435631986998884,0.0909207537903309,grey
BCAP31,0.442613255013405,0.0885858429591522,grey
BAZ2B,0.107892202339411,-0.4734439211729684,grey
BAX,0.0587875747119818,0.4966198432515102,grey
BASP1,0.347143882296645,-0.1902666959724219,grey
BAP18,0.345656276296798,-0.1909324038485851,grey
BAG6,0.0757947032469772,0.5454024466127774,grey
BABAM1,0.278523938990517,0.1180214413892024,grey
AVL9,0.980703930342826,-0.0861048226847203,grey
AUH,0.333760155786407,-0.2580282165786757,grey
ATXN10,0.0277788876847755,0.2593921741172013,grey
ATP8A1,0.142026368968279,0.3032861215667092,grey
ATP6V1H,0.407921029910009,0.0784670717530819,grey
ATP6V1G2,0.13515971675645,0.163110038245465,grey
ATP6V1G1,0.125049460900376,-0.2332770609565578,grey
ATP6V1F,0.0413931626666041,0.2221402072761114,grey
ATP6V1E1,0.605438416844582,-0.0714171729384743,grey
ATP6V1D,0.400994295424617,0.0534178239731291,grey
ATP6V1B2,0.614736447488268,-0.0768828003768639,grey
ATP6V1A,0.0760270702722321,0.1820043432506639,grey
ATP6V0D1,0.103668980079335,0.3476180787068778,grey
ATP6V0A1,0.0838374600156688,0.3357854168086678,grey
ATP6AP2,0.848745168188144,-0.0101632275376298,grey
ATP5PO,0.0096550670707408,-0.5724820765645017,grey
ATP5PF,0.60910808116446,0.0652796373769825,grey
ATP5PD,0.0318281023249003,0.3471440207202392,grey
ATP5PB,0.05391280053267,0.2723130795300885,grey
ECI1,0.0571726222747122,-0.3161484592086363,grey
DSTN,0.664820905399975,-0.0112016116431483,grey
EDIL3,0.0144302914810031,-0.3158427696490962,grey
ISCA1,0.773938117845862,0.0667423925806362,grey
KIF1A,0.0209352465247544,0.4605768012362859,grey
KIAA0319L,0.857926989528762,0.0496515039756518,grey
KHSRP,0.568871646646527,-0.0789316560836976,grey
KHDRBS1,0.0032316427901457,0.8901209929290874,grey
KARS1,0.932127849643795,-0.0103490829024596,grey
JPT2,0.573479309545059,-0.0100483000544548,grey
IVD,0.596591072095221,-0.1124209292700518,grey
ITPK1,0.308453409864844,0.2449232355967228,grey
ITPA,0.230455075486055,0.1623102082744028,grey
ITM2C,0.986110495843834,0.0227794439933018,grey
ISYNA1,0.0064771192651244,0.6532208472427994,grey
IST1,0.324757982812034,-0.0814222286443392,grey
ISCU,0.533338034624271,-0.0786427290759081,grey
IRGQ,0.28320213962919,0.2058543310245714,grey
KIF5B,0.520266799330235,0.0523932152628958,grey
IQSEC1,0.0254405326185044,0.3360081211869068,grey
IPO4,0.0302261905599687,-0.4136437863545273,grey
INPP5F,0.317664393201186,-0.0812327776165512,grey
INPP1,0.0483325230075494,0.5136372884910759,grey
INA,0.013915626216246,0.3387012226809469,grey
IMPDH2,0.156844171339776,0.2297623416047861,grey
IMMT,0.041171965868105,0.2443671688677491,grey
ILVBL,0.0759736083567321,-0.1824008984771876,grey
ILKAP,0.936195505080403,-0.004270830419509,grey
ILK,0.0839434353558565,0.1754967486076111,grey
ILF3,0.05391280053267,-0.2871530577689299,grey
ILF2,0.0313349173262489,-0.2981752941656393,grey
IK,0.981427519797562,0.0877253366302291,grey
KIF2A,0.648029277009264,0.0762982155889108,grey
KIF5C,0.0577666403078522,0.2026115215782578,grey
HMGA2,0.558063841860221,0.142676165345209,grey
KTN1,0.609000796774389,0.0997642691276613,grey
LBR,0.205523910207191,0.1710563620130366,grey
LARS1,0.110083382109846,-0.1585549041977618,grey
LARP4B,0.324599318530841,-0.2123053913777209,grey
LARP4,0.704563127431822,0.0113483902133169,grey
LARP1,0.919140934483332,-0.0775752660608586,grey
LAP3,0.071044357138773,-0.1976054604428989,grey
LANCL2,0.206399288423547,0.11779499051194,grey
LANCL1,0.674667204447292,-0.0882059949585033,grey
LAMTOR4,0.0064771192651244,-0.5727455101266901,grey
LAMTOR3,0.101540005975229,0.5062900672848161,grey
LAMP1,0.0251450504819281,0.3936018317784443,grey
L2HGDH,0.401326821806751,-0.1431853629161192,grey
L1CAM,0.0203352546819757,0.4525114759089785,grey
KSR1,0.290352685556747,-0.1830091835144712,grey
KLC1,0.0179908434861681,0.4796719929868924,grey
KRT9,0.895156883582646,-0.0126749201689665,grey
KRT8,0.0265909053254264,0.3093648891144069,grey
KRT77,0.162666697152923,0.4807042858456391,grey
KRT5,0.374636518052028,-0.953491738954308,grey
KRT2,0.509311677788381,-1.4514502951592194,grey
KRT19,0.0086647062618948,0.5312158400834919,grey
KRT18,0.0693236215969607,0.1819401798974892,grey
KRT10,0.216708793753045,-0.9223667157454,grey
KRT1,0.872599443678934,-1.0040533496093171,grey
KRAS,0.0265280298364769,-0.7412292878016877,grey
KPNB1,0.120393608407297,0.3430857252595349,grey
KNOP1,0.0795363817502814,-0.3485918522989163,grey
KLHDC8B,0.0374585434781085,-0.2456695522206713,grey
IGFBPL1,0.539568287374564,0.0993874383860103,grey
IGF2BP3,0.0459270182142345,-0.1933965077203445,grey
IGF2BP2,0.0762326121322434,-0.176928830471535,grey
HNRNPH3,0.0232626999641796,-0.4816318219251185,grey
HSD17B10,0.0284748142757035,-0.4717704511909047,grey
HRC,0.0018843004105075,-0.8167461623943046,grey
HPRT1,0.0168806693516061,0.4392071943333324,grey
HPDL,0.117352646192936,0.4798510443579878,grey
HP1BP3,0.0573563115496094,-0.360452169803827,grey
HNRNPUL2,0.488938743567999,-0.3801232835264091,grey
HNRNPUL1,0.0651853109642608,-0.4138153026572869,grey
EEF1A2,0.0118608735958738,0.3886302798800793,grey
HNRNPR,0.408913405486493,-0.153020403668008,grey
HNRNPM,0.0268381888902794,-0.2677694077938417,grey
HNRNPLL,0.542864825652467,-0.0442927977752152,grey
HNRNPL,0.0068186732875683,-0.5757402102914218,grey
HNRNPK,0.630225036628045,-0.0526937847975173,grey
HNRNPH2,0.0189602089534089,-0.3308130594417989,grey
IGF2BP1,0.116912673123278,-0.1446509068097379,grey
HNRNPH1,0.0277709211287437,-0.4137200334980799,grey
HNRNPF,0.587702252587502,-0.0480011453949695,grey
HNRNPDL,0.0146515923177838,-0.4535797119988115,grey
HNRNPD,0.0061816517157318,-0.6876269727745415,grey
HNRNPC,0.662985408902147,0.2216264705016542,grey
HNRNPAB,0.0067796254302868,-0.6201716729517235,grey
HNRNPA3,0.0113330742835143,-0.584066041288599,grey
HNRNPA2B1,0.259231690750993,-0.4498394298543535,grey
HNRNPA1,0.0350212570296447,-0.5051872740387551,grey
HNRNPA0,0.0067852568977772,-0.6445051322453408,grey
HMGCS1,0.391295303196405,-0.1012188841772929,grey
HMGCL,0.745355100969209,0.0297013842604819,grey
HMGB2,0.0471310540776071,-0.4299632869653333,grey
HSD17B11,0.0105852270829879,-0.6545287958468158,grey
HSD17B12,0.432733089951549,-0.1073622558304683,grey
HSD17B4,0.205523910207191,-0.1198768691234198,grey
HSD17B8,0.109447253082277,-0.265012835538693,grey
IFT27,0.117672260047107,-0.2791708130147959,grey
IFT22,0.714386833556794,0.0601769274100797,grey
IDH3G,0.404317261698847,-0.1077627195625981,grey
IDH3B,0.222752459627114,-0.1031414775127723,grey
IDH3A,0.551894473516827,-0.041298943310292,grey
IDH2,0.0074485445013972,-0.4936909750895284,grey
IDH1,0.0700124716181681,0.2068553590797183,grey
IARS2,0.442613255013405,-0.0624240798085815,grey
IARS1,0.135551602152241,0.1545883263559917,grey
HYOU1,0.008724255610494,-0.4641538221817836,grey
HUWE1,0.0356283879020701,0.6948628290934503,grey
HTATSF1,0.800613253256106,-0.0915528516924268,grey
HSPH1,0.0201694875187808,0.3211470626131047,grey
HSPE1,0.0161558924834162,-0.4738911012494715,grey
HSPD1,0.165469164976859,-0.1199087525131333,grey
HSPB1,0.204362595071556,0.2009429519231784,grey
HSPA9,0.0171932274982005,-0.3165699972415822,grey
HSPA8,0.589479747778664,-0.0313025899964304,grey
HSPA5,0.117305860846873,0.1417970165504419,grey
HSPA4,0.952971172146287,0.0027255833339858,grey
HSPA2,0.0062680438564334,0.7637139251981797,grey
HSPA12A,0.127103182465718,-0.1561028619847546,grey
HSP90B1,0.0473257896905079,-0.3182273311521548,grey
HSP90AB1,0.0229114028032148,0.3138963917075055,grey
HSP90AA1,0.0445794189213462,0.2536425355488405,grey
HSDL2,0.0993475484846924,-0.2990982883465944,grey
HSDL1,0.579617913753755,-0.1042483819387566,grey
LCMT1,0.416386811243392,0.0954143342347519,grey
LCOR,0.0171932274982005,-0.3178274934990497,grey
LDAH,0.37109893219117,-0.1658755829174727,grey
MED1,0.654906203940899,0.006592045629346,grey
MLEC,0.397549633368067,0.1828916105573019,grey
MKRN2,0.948791736778939,-0.0618883258804505,grey
MIF,0.006952235524653,-0.4500074434444016,grey
MIEF1,0.175692882950998,-0.1669984004176086,grey
MICOS13,0.979434027124108,0.079546057438802,grey
MGST3,0.442659482937977,-0.0783613384093689,grey
MFN2,0.0395912772967486,-0.2338773342386466,grey
MFN1,0.630225036628045,0.103469727254068,grey
MFAP1,0.0487470122320021,0.2262309795021528,grey
METTL15,0.0607880358621722,-0.4565603666083704,grey
METTL13,0.0353941982855513,0.2671061767763582,grey
MEMO1,0.892181507973319,0.0270706739308685,grey
MED25,0.014708806219482,-0.3152583113013215,grey
MECP2,0.0145451352232032,-0.629162245191689,grey
MAPRE3,0.0603048672910927,0.3043367836517567,grey
MDK,0.0011126623056143,-0.9117161770049538,grey
MDH2,0.0736876672733399,-0.1803507731188452,grey
MCTS1,0.631819456171291,-0.5515942320537247,grey
MCM7,0.893254149747185,-0.0408504488372725,grey
MCCC2,0.40006976442983,-0.0686837738606021,grey
MBLAC2,0.839154868567243,-0.0189815165337712,grey
MAZ,0.204692993900446,-0.2247752609627256,grey
MATR3,0.0470845046932765,-0.2270649174844174,grey
MAT2A,0.152093576410225,0.2026469931157632,grey
MARS1,0.986459590176403,-0.0103402440181485,grey
MARK2,0.0171932274982005,-0.5405398136274235,grey
MARCKSL1,0.0062680438564334,-0.6550708055697978,grey
MARCKS,0.0185522801240009,-0.7051828492109617,grey
MLF2,0.748519593697895,-0.0684926003807124,grey
MLH1,0.120035983599849,0.1555597711389099,grey
MLLT1,0.270069255246027,-0.2800808226113664,grey
MLLT11,0.0302261905599687,-0.3891115389774798,grey
MRPL47,0.850125748610332,-0.0699460136294096,grey
MRPL46,0.347940502769921,0.0868530178098611,grey
MRPL45,0.508447105893561,0.1841524233462038,grey
MRPL43,0.180699325269348,0.2428215985132121,grey
MRPL41,0.0262395677934709,0.3650951693922656,grey
MRPL4,0.315345366802454,0.3115266543222784,grey
MRPL37,0.260321628402383,0.1223599077967338,grey
MRPL33,0.052002550399901,-0.61952843548128,grey
MRPL22,0.0230122505250829,-0.3561442228792317,grey
MRPL18,0.794554215594194,-0.068175232326623,grey
MRPL17,0.0253630203090407,0.3752524905608549,grey
MRPL16,0.004412371972331,-0.6735923698704916,grey
MRPL15,0.259301356792019,0.2212390508357432,grey
MRPL14,0.0048694702038305,-0.4850330134077648,grey
MRPL13,0.355920892135139,0.1824202327996642,grey
MRPL12,0.348211874336249,0.1751946583864461,grey
MRPL11,0.089898226158561,-0.1730888253361974,grey
MRM2,0.0526641331758375,-0.4044267051469595,grey
MPP2,0.906113447496549,-0.0058632915599707,grey
MPHOSPH10,0.923252343633112,-0.0360358030795281,grey
MORF4L2,0.0931452950004946,-0.3810792148639859,grey
MORF4L1,0.0195769060547728,-0.3254913446370813,grey
MOGS,0.0221670116773839,-0.297439016203369,grey
MMS19,0.843016555719806,-0.0411013842002637,grey
MMP15,0.73125650267464,0.0090528766892143,grey
MMAB,0.980703930342826,0.0061610240317969,grey
MMAA,0.0020198730997599,-0.8272236728843894,grey
MAPT,0.0221670116773839,0.4394155488540718,grey
MAPRE2,0.573592684325346,0.1153346065914742,grey
LDHA,0.772255314737165,-0.0305087255467655,grey
LRRC40,0.0772692430838863,0.191281057878066,grey
LUC7L2,0.654698946786353,0.0378810497270205,grey
LUC7L,0.578491305146513,-0.1284309218446598,grey
LTN1,0.0258361413556361,0.5035740587481058,grey
LSS,0.568871646646527,-0.0428620541610714,grey
LSM6,0.608362942929794,-0.09401262263567,grey
LSM4,0.818794891942542,0.0407244515274793,grey
LSM14B,0.069633147953842,0.208875329032044,grey
LSM14A,0.265895076388094,-0.2575909553897353,grey
LSM12,0.391059792239733,-0.0806478922539217,grey
LSAMP,0.29496673787417,0.1095041860953359,grey
LRRC59,0.315611938156617,-0.0957814898521053,grey
LRRC57,0.0176663261448712,-0.4562654332296548,grey
LRRC47,0.300745481834236,-0.0806208115341029,grey
LRPPRC,0.134986377917552,0.1376399821560313,grey
MAPRE1,0.111738774266524,0.4343529817457139,grey
LRCH4,0.714386833556794,-0.0858233170201134,grey
LOXL1,0.0171932274982005,-0.4682689928247333,grey
LONP1,0.358264026893817,-0.0851226149031219,grey
LMAN2,0.861310724254513,0.0358517911218748,grey
LIPA,0.509311677788381,-0.1149370565201309,grey
LIN7C,0.139643385886794,-0.2267315045364227,grey
LIN7A,0.0148692838625328,-0.3344459538901282,grey
LIMA1,0.0055411748770615,-0.5921593707259702,grey
LIG3,0.0323609638283001,-0.3279408763888201,grey
LGMN,0.0070227897170746,-0.6219112925905195,grey
LGALS1,0.0060778414552779,0.5357178638012003,grey
LEMD2,0.639916927933442,-0.0707191057554567,grey
LDHB,0.136805252758465,0.2930360288685174,grey
LYAR,0.0362226304384824,-0.3183889543893204,grey
LYPLA1,0.741626595755895,-0.0151943331403384,grey
LYPLA2,0.619680399812972,-0.0066986877104643,grey
LYPLAL1,0.704563127431822,0.0144645776897566,grey
MAPK8,0.174752382838592,0.1202775562304304,grey
MAPK3,0.0118608735958738,0.6707880530419643,grey
MAPK1,0.0151203259216568,0.5636145227266736,grey
MAP7D1,0.120110807333292,-0.2730543679523123,grey
MAP6,0.0064771192651244,0.5821805404088982,grey
MAP4K5,0.202825904002638,-0.2589585110753379,grey
MAP4K4,0.0291259693933851,-0.384972141115964,grey
MAP4,0.0278401601266512,0.3113417901512746,grey
MAP2K7,0.031219402167649,0.3508220613892274,grey
MAP2K6,0.261812319561346,0.0932490720827005,grey
MAP2K3,0.607905363481842,-0.043020319003382,grey
MAP2K2,0.926645157999054,-0.0352656170414518,grey
MAP2,0.188428694176434,0.1136053156029081,grey
MAP1S,0.523300908045033,0.0577206819291633,grey
MAP1B,0.136805252758465,0.521407111888605,grey
MAP1A,0.0392128462512728,0.5008649689414022,grey
MAIP1,0.596591072095221,-0.0942816834750649,grey
MAGED1,0.273001017457718,0.2538997573116027,grey
MADD,0.52254315917908,0.0626446143254496,grey
MAD1L1,0.642943917805115,-0.0413967232515794,grey
MACROH2A2,0.949326195966255,0.0199296138721306,grey
MACROH2A1,0.348733399296431,0.0991085712016007,grey
MACROD1,0.0045712183720823,-0.5912655235997157,grey
MACF1,0.001037182035,1.0021622974365358,grey
LZTS1,0.0029547657680291,-0.8990382031972326,grey
LYRM7,0.351087789334593,-0.2278751289259911,grey
LYRM4,0.484496216924673,-0.0860798206862212,grey
HMGB1,0.403929036984694,-0.1373893659084048,grey
HNRNPU,0.010885907572334,-0.3770216448608415,grey
HMGA1,0.793878791463947,-0.0223398765135694,grey
FAM162A,0.0229114028032148,-0.3118098708329061,grey
FBL,0.0042024990853103,-0.6803330319686252,grey
FAU,0.0265909053254264,-0.5543480919141485,grey
FASTKD5,0.184212424314201,-0.1488287555970192,grey
FASN,0.0063249446565656,0.5131408955372276,grey
FARSB,0.0118608735958738,-0.4125837734458637,grey
FARSA,0.0154573556211687,-0.6411889028222613,grey
FARS2,0.0295913100288906,-0.2442318336348799,grey
FAR1,0.0265909053254264,-0.2705152193097697,grey
FAM98B,0.0952779771234941,-0.1568880726848433,grey
FAM76B,0.0089141092792293,-0.7700928261626585,grey
FAM32A,0.108366676487639,0.2362322322542954,grey
FAM210A,0.311311132077442,-0.1417656576986423,grey
FAM168A,0.573479309545059,-0.1024699350259573,grey
FAM136A,0.653696520306577,-0.054421797573518,grey
FBXL16,0.0068186732875683,0.6141619840418318,grey
FAM131B,0.0424729152254174,-0.2977301319444207,grey
FAF2,0.0161390838387362,-0.3296563608772168,grey
FADS2,0.0471094245897108,-0.2960235595273262,grey
FABP5,0.0345743847618562,0.4260142554250352,grey
F8A1,0.394539756340659,0.3629844922885483,grey
EZR,0.293895357228698,0.2716719917014866,grey
EXOC4,0.259301356792019,0.2455125365156149,grey
EXD2,0.688670834696276,0.0589010999485852,grey
EWSR1,0.215697819123952,-0.1231450077905955,grey
ETHE1,0.0071547845775973,-0.5736862314147655,grey
ETFDH,0.641709574190189,-0.196890851383936,grey
ETFB,0.175692882950998,-0.1333327823066881,grey
ETFA,0.0396807392958952,-0.2704280514537893,grey
FBLL1,0.0100665527623055,-0.6170334368703649,grey
FBXO31,0.058411487833819,0.3108913408128054,grey
GADD45GIP1,0.391295303196405,0.2152632448827494,grey
FOXRED1,0.830140265428434,0.007116378730519,grey
GAB2,0.016645482011315,-0.3536202212186277,grey
GAB1,0.904149199426746,0.0416902754058935,grey
GAA,0.0651275362341576,-0.3819905563748366,grey
G3BP2,0.0813697925546733,-0.3302577379067921,grey
G3BP1,0.216708793753045,0.169927992910966,grey
FYTTD1,0.0323609638283001,-0.3646730628284466,grey
FXR1,0.925942254926093,-0.0200234185587329,grey
FUS,0.557556357894701,-0.2803463743919436,grey
FUBP3,0.048279112351286,-0.2303038816456585,grey
FUBP1,0.101942368683172,-0.1860538740404552,grey
FSD1,0.407192769592273,0.1190722978951211,grey
FSCN1,0.0185983966524702,-0.3073300759146486,grey
FRG1,0.171877120945748,-0.1574194650657993,grey
FNBP1L,0.0738661514784102,0.1924568243485944,grey
FDFT1,0.549925994098234,-0.0627017778265566,grey
FN3KRP,0.019424622167471,-0.5439344534806354,grey
FN3K,0.098165678728573,-0.1951423144382311,grey
FMNL2,0.0555550280233734,0.3512514375191591,grey
FLNC,0.0429978708997026,0.2488420509649905,grey
FKBP8,0.300745481834236,0.0975679893351875,grey
FKBP3,0.996099384782188,-0.0070972848460485,grey
HMBS,0.137828802149185,0.1781743113754547,grey
FIP1L1,0.0489024712100618,-0.3567724670967175,grey
FH,0.0839434353558565,-0.2464642205515035,grey
FGF2,0.0967097357563027,0.3463942254055524,grey
FER,0.0795363817502814,0.3053912688485531,grey
FECH,0.675899806210549,0.0440333537057646,grey
FDXR,0.483696815154503,0.1122296047621209,grey
ERP44,0.665951495805136,-0.0452994602990835,grey
ERP29,0.280238376004972,-0.1050492140052474,grey
ERLIN2,0.0736876672733399,0.6554855667045776,grey
EIF2B3,0.0590957795241585,0.2883663155658773,grey
EIF4E,0.124157132503067,-0.2221292377748731,grey
EIF4A3,0.0295913100288906,-0.4346063963906018,grey
EIF4A2,0.0295913100288906,-0.2558720524812301,grey
EIF4A1,0.542518870080014,-0.1092563110042273,grey
EIF3I,0.0640053769411775,0.23257378503684,grey
EIF3H,0.964609348458621,-0.0397252694834722,grey
EIF3F,0.0532543347842946,0.480726743086608,grey
EIF3E,0.0110891268483664,0.5757253355099916,grey
EIF3B,0.170380557619381,0.3666744143272029,grey
EIF3A,0.658396123571907,0.0123008198489657,grey
EIF2S2,0.0659726464872269,-0.3146163610605444,grey
EIF2S1,0.760489518586925,-0.0490763955163782,grey
EIF2B4,0.154034835713808,0.285599006179524,grey
EIF2B1,0.311315067378017,0.2056930281602197,grey
ERH,0.850937761606394,-0.0431281956749087,grey
EIF2AK2,0.217555140723805,0.1679535080502753,grey
EIF2A,0.231370511299777,-0.1395761672497124,grey
EIF1AX,0.976602657820012,0.0528718092403294,grey
EIF1,0.260291211503825,0.1097938812175304,grey
EHD1,0.795973605058739,0.0162193158035193,grey
EFTUD2,0.108366676487639,0.3220477016519745,grey
EFNB3,0.923096545398919,-0.1866681663054497,grey
EEFSEC,0.100428734643087,-0.3027383674374045,grey
EEF2,0.0531167593401169,0.2133080468011858,grey
EEF1G,0.674465279888381,0.048449307152852,grey
EEF1E1,0.535621339212545,0.1038442469154932,grey
EEF1D,0.0126702362612246,0.3652493215206331,grey
EEF1B2,0.103210209015867,0.1744441020791996,grey
EIF4G1,0.0116810443027095,0.7456775145567855,grey
EIF4G2,0.535965040061846,-0.047920617816497,grey
EIF5,0.995984635552438,0.0042407733461937,grey
EIF5A,0.0061816517157318,0.6239116907924411,grey
ERGIC1,0.160792874490921,0.1713715594897246,grey
ERC1,0.625575211289253,0.0171730886871849,grey
ERAL1,0.97143800975604,-0.0158430289796531,grey
EPS15L1,0.0540773739213971,0.6852850649652362,grey
EPRS1,0.684655972044433,-0.0391790398501478,grey
EPHX1,0.0449459118776132,0.2543962176616329,grey
EPDR1,0.0657157351593679,0.5298164256876582,grey
EPB41L5,0.935814657020795,-0.0374443133743164,grey
EPB41L3,0.0350212570296447,0.2742580458779416,grey
EPB41,0.0795363817502814,-0.2869541933272063,grey
ENY2,0.0157834598044626,0.3602431980441408,grey
ENTPD6,0.267555958566179,-0.1579107162619027,grey
ENO1,0.216708793753045,0.1152010298009104,grey
ENDOG,0.10866256176746,0.2199156658318305,grey
ENAH,0.426101789924731,0.1165469040523717,grey
EML4,0.288159877711315,0.1178352003026639,grey
EMC8,0.879449994267743,-0.1859279978073085,grey
ELOC,0.108366676487639,0.1909999289232656,grey
ELOB,0.103719018214226,0.196201727935853,grey
ELMOD2,0.665951495805136,-0.11863354946924,grey
ELAVL4,0.014689672988027,-0.3664970212727295,grey
ELAVL3,0.0099905997378906,-0.4314453834565835,grey
ELAVL2,0.391295303196405,-0.0474862710016829,grey
ELAVL1,0.0149052242293906,-0.3454255580993693,grey
ELAPOR2,0.0681179140304615,1.2690944093449692,grey
EIF6,0.623427383656386,0.1244326384755427,grey
EIF5B,0.376147212801665,-0.0761017863720743,grey
GABBR1,0.531856891951503,-0.0353064952497922,grey
FKBP1A,0.0221670116773839,0.426337625250145,grey
GAL,0.0323609638283001,0.6486470996174077,grey
GSTK1,0.328884566017259,-0.1592271631588653,grey
GUF1,0.0362151827665779,-0.3399710608557191,grey
GTPBP6,0.605438416844582,-0.0589115405038266,grey
GTPBP2,0.789938468987135,0.0431984509488919,grey
GTPBP1,0.105104198125604,-0.1850192514630298,grey
GTF3C5,0.0524105750063278,0.6765560377311868,grey
GTF3C3,0.0152711081793307,0.7488692112034658,grey
GTF2I,0.861603841545188,-0.0248840599001107,grey
GALC,0.256329698997985,-0.1131799667572961,grey
GTF2F2,0.945862061166722,-0.0056463926061379,grey
GTF2F1,0.0874935281159102,-0.257769264308078,grey
GTF2B,0.142026368968279,-0.1955047174104003,grey
GSTZ1,0.012323475012615,-0.3784611757957118,grey
GSTP1,0.069031331630976,0.3924993337367399,grey
GSR,0.492772635512185,-0.0514999576643072,grey
GPD1L,0.141503090882439,0.1476340159757925,grey
GSPT1,0.718720103081542,0.0731001519280416,grey
GSK3B,0.0530298340438405,-0.2620920177291665,grey
GRPEL1,0.731338500384848,-0.0601625128187116,grey
GRHPR,0.40006976442983,-0.1571541088311477,grey
GRB2,0.0086546505171522,0.4254288836832918,grey
GPX7,0.0093078339017106,0.5335723645189854,grey
GPX4,0.0580291645813238,-0.2220603838205551,grey
GPX1,0.33400528953303,0.1002988647114992,grey
GPT2,0.608083936737646,-0.0853438925309411,grey
GPSM1,0.223815103654552,0.1962325280888351,grey
GPRIN3,0.991056344415386,0.0005693365966641,grey
GPKOW,0.391858887790846,-0.1233607234103528,grey
GPHN,0.0131801271988744,0.3804363946556618,grey
H1-0,0.081076514780015,-0.2540285884040387,grey
H1-1,0.273723305006211,0.1097543423968922,grey
H1-10,0.0444632759081308,-0.2915466870333373,grey
H1-3,0.0222192389452242,-0.3176269132019491,grey
HK1,0.0139722322252284,0.3601366459226316,grey
HINT3,0.0388323295164653,-0.3015716317906038,grey
HINT2,0.067721572354584,-0.2358895746565716,grey
HINT1,0.343025667438248,0.1872385186647563,grey
HIGD1A,0.230545201154932,-0.1598470939213524,grey
HECA,0.0366827670074454,-0.4024123393300594,grey
HDHD5,0.0124775763047535,0.3610743444352552,grey
HDGFL3,0.0159931127814847,-0.3898611013669114,grey
HDGFL2,0.832322481305943,-0.020741101099639,grey
HDGF,0.374636518052028,-0.2628789337235009,grey
HDAC6,0.529663000939999,-0.050819697031762,grey
HDAC2,0.0699349125681217,0.2592636499128563,grey
HDAC11,0.926645157999054,-0.0084919563545604,grey
HCFC1,0.0170364124877587,0.485481126377833,grey
HCCS,0.73125650267464,0.0307443075865814,grey
HBS1L,0.67826178878589,-0.022842542958907,grey
HAX1,0.0672247321767999,-0.2275777869381203,grey
HARS2,0.0286917703593035,-0.5104038293786557,grey
HARS1,0.451631369325517,0.1405144996491305,grey
HADHB,0.464605157896564,-0.1022288594543976,grey
HADHA,0.346810812357957,-0.0773341092476163,grey
HACD3,0.728393008177987,-0.0343394424821008,grey
H4C1,0.0121489670071294,0.3728370010050942,grey
H3-7,0.335163158497795,0.1574874124143382,grey
H2AC21,0.752817328774078,-0.0472072463348307,grey
H1-5,0.888223610207464,0.0127892277036507,grey
H1-4,0.628661374656963,0.0777583062256522,grey
GPD2,0.12769150308162,0.2504161648803279,grey
GTF2H4,0.896264449604598,0.0586269927151769,grey
GPC6,0.135551602152241,-0.2061038124850945,grey
GCN1,0.0524105750063278,0.415836200276695,grey
GLIPR2,0.048279112351286,-0.4498222694967384,grey
GLG1,0.138214736290753,0.3050122256166323,grey
GLDC,0.0726801971627237,0.2182252792929472,grey
GGH,0.648029277009264,-0.0106190561940801,grey
GGCT,0.571215485622619,0.462502134719821,grey
GFPT1,0.0171932274982005,0.3096113023347552,grey
GFM2,0.614736447488268,-0.0083219006388876,grey
GFM1,0.264373319394458,-0.1280898097706281,grey
GDPD1,0.0668099976713266,-0.1992117455485319,grey
GDI2,0.338222981042943,0.1182445032315179,grey
GDI1,0.483256318637009,0.0635362415392705,grey
GDAP1L1,0.008206181913211,0.4084944900059664,grey
GDAP1,0.694057224229205,0.0674106407333546,grey
GCLM,0.031655961458213,0.6658232747807672,grey
GLRX5,0.781683108436775,0.0074393946102571,grey
GCDH,0.153326294386446,-0.1723175281900183,grey
GCAT,0.476840102484873,-0.0502994239384601,grey
GBA1,0.434462316817808,-0.0865545554427503,grey
GATD1,0.519420106580621,0.1060575802548278,grey
GATB,0.20976827291729,-0.1404173020596505,grey
GART,0.184793149834347,0.2013965913744991,grey
GPC4,0.0068186732875683,0.6703813010296549,grey
GAR1,0.255091727315894,-0.2000498793328033,grey
GAPDH,0.550802253233069,0.0803347167835898,grey
GAP43,0.359639129499922,-0.0809163584872329,grey
GANAB,0.0258361413556361,-0.2859913079688256,grey
GALK1,0.0275784106262392,0.358570473261447,grey
GALE,0.123732935993329,-0.4835034587194153,grey
GLRX3,0.797556507837965,0.0306189586019246,grey
GARS1,0.0284195333829166,-0.3741858967709013,grey
GLS,0.818794891942542,-0.0079459056277737,grey
GNAQ,0.0130468854445531,-0.4036818436042448,grey
GPC2,0.0077058958195029,-0.4823932715737005,grey
GPC1,0.601507350202969,-0.0326468178482288,grey
GPATCH4,0.397266049937707,0.1778235164622449,grey
GOSR2,0.738109963452528,0.1351459857177339,grey
GOLGA3,0.667297293803731,0.0052838343618884,grey
GNS,0.536144693953955,0.1430839412782315,grey
GNL3L,0.406171613472253,-0.0712761293495911,grey
GNL3,0.120393608407297,-0.2041187899838252,grey
GNG3,0.552441291232579,-0.1913565795101635,grey
GNB2,0.0142870961469633,-0.5630855575685962,grey
GNB1,0.0152711081793307,-0.5052537741489588,grey
GNAS,0.0203352546819757,-0.3226247782619057,grey
GNG2,0.0027959359545103,-0.6478125547144997,grey
GNAO1,0.0089141092792293,-0.4071503499210893,grey
GMPR2,0.0243943816870065,0.6936832563197042,grey
GLYR1,0.0171647625460176,-0.4067922350177924,grey
GNAI3,0.0091268773511594,-0.4417277187526737,grey
GMFB,0.647379247570989,-0.0243164966097952,grey
GMPPA,0.03325400424606,0.5941941904551733,grey
GMPPB,0.0586738473280748,0.3034319893628213,grey
GMDS,0.133402430052703,0.3129624973354653,grey
GMPS,0.254306357095789,0.1398888385607331,grey
GNA11,0.205523910207191,-0.2331393641249579,grey
GNA13,0.0306993776355672,-0.363887940410561,grey
GNAI1,0.0151157684589154,-0.3912558980602049,grey
GNAI2,0.176506367612741,-0.1823916361850874,grey
GLUD1,0.0689723067359384,-0.2550106139524655,grey
BIN1,0.0002311602165142,3.686645041029526,#ff7f00
PIK3C2B,0.0001394194634749,1.3678156755614814,#FFD92F
PIK3C2A,0.0001394194634749,2.092450234123378,#FFD92F
RIN3,0.0014117604089524,4.2432240207404055,#FDB462
RIN2,2.49419349927449e-05,3.0647949149052858,#FDB462
TOMM40,7.08553919119593e-05,2.5525354595193708,#FCCDE5
TOMM22,4.821606572325e-05,3.59779486932533,#FCCDE5
TIMM23,0.0001148227507518,2.044669494728958,#FCCDE5
TIMM21,0.0001928647729506,1.4109262249382275,#FCCDE5
TIMM17B,0.0275368834838473,2.289498537495041,#FCCDE5
TOMM40L,0.0002975595717727,2.4772663122709035,#FCCDE5
CLTA,5.02885319632378e-05,3.074988543420683,#E78AC3
CLTC,2.49419349927449e-05,3.142897168995723,#E78AC3
CLTB,0.0001261037311222,2.653428011538272,#E78AC3
AP2M1,0.0002301586161036,1.456197221107368,#BEBADA
AP2S1,0.0003883803297795,1.789011295300782,#BEBADA
AP2A1,4.821606572325e-05,2.2697514925162565,#BEBADA
AP2A2,0.0009276652891201,2.0464043056151464,#BEBADA
AP2B1,0.0001148227507518,2.2176772571992043,#BEBADA
SYNJ2,4.821606572325e-05,3.792252192190439,#7DAEE0
STON2,0.0001148227507518,1.6722942468718136,#7DAEE0
SMCHD1,0.0001148227507518,4.408155847801038,#7DAEE0
SELENON,0.012323475012615,2.753549208649015,#7DAEE0
SEC16A,0.0005309823037816,2.357624690021326,#7DAEE0
RUSC1,2.49419349927449e-05,3.0006676981064855,#7DAEE0
RUNDC3A,6.50588712473556e-05,2.8340534851775603,#7DAEE0
CLINT1,0.000266549022056,1.2960066109366204,#7DAEE0
PLGRKT,0.0012354161358037,1.8966570160084195,#7DAEE0
CDK16,2.49419349927449e-05,4.061526253693157,#7DAEE0
GAK,0.0005032663621887,1.3035020120085234,#7DAEE0
FZR1,0.000266549022056,2.4932610170119816,#7DAEE0
FTL,0.000389556444978,1.3541608707785897,#7DAEE0
FTH1,0.0002905866068347,1.5489752799034688,#7DAEE0
EPS15,0.0001148227507518,6.092042824178687,#7DAEE0
AMPH,0.0008345647592515,3.7592770426909214,#7DAEE0
SURF6,0.0004448797331586,1.4561599455211247,#7DAEE0
ANAPC16,0.0001439378953623,2.3197704223501843,#4DAF4A
ANAPC2,0.0004448797331586,5.950951429077151,#4DAF4A
ANAPC10,2.49419349927449e-05,3.3968963190484693,#4DAF4A
ANAPC1,0.0008678033201834,3.520303268421177,#4DAF4A
ANAPC4,0.0229114028032148,2.5781265906245867,#4DAF4A
ANAPC5,0.0452695564452431,2.702352731602668,#4DAF4A
CDC16,0.0008678033201834,4.186509060259791,#4DAF4A
CDC23,0.0058846545746487,3.641284228869162,#4DAF4A
CDC26,0.006125244620397,3.680172310327406,#4DAF4A
CDC27,0.0062680438564334,2.7761037442758063,#4DAF4A
ANAPC7,0.0004448797331586,4.484697257946756,#4DAF4A
